239903152,0,@Vo2s @aaronjeavons @arronsaunders oi lets fuck reading off and go creamfields instead.. https://t.co/6zXa41gCqU
273826374,0,@Twickets Creamfields 3 Day Silver Camping Ticket for sale DM me #creamfields
157357677,0,So jealous of everyone off to creamfields/reading today and tomorrow
2567121274,1,So excited for @Creamfields
466745101,0,"Should never have got rid ae ma Creamfields ticket, sitting in the pub remembering last years antics makes me wanty go even more"
136684024,0,This time last year the troops were on the train to creamfields.. Today am up at 8 for a homerğŸ¤”
362013306,0,4 day Creamfields camping ticket for sale ! Only Â£120
760362475,1,Absolutely buzzzzzzing for creamfields now
398607354,1,"Bastard security man threw away my eyebrow kit, I can't really understand many of the accents.. @Creamfields I am so bloody happy to be here"
183810515,1,Watching Creamfields live is making me so excited for this weekend ğŸ˜ğŸ˜ğŸ˜ğŸ˜
548374822,0,"So jealous, wish I was off to Creamfields ğŸ˜©ğŸ˜©"
4724488587,1,Up and ready for the bus leaving in an hour for creamfields!! Going to be a good day ğŸ˜¬ğŸ’ƒğŸ» can see work tomorrow far enough.. ğŸ–•ğŸ»
23963046,0,"Roads will be busy in Daresbury over next few days - over 70,000 people expected to attend Creamfields (25-28 Aug) https://t.co/7iBO5Kk7U0"
2969769244,1,Nice to meet you Tony from @aboveandbeyond :) amazing set tonight #AboveAndBeyond #creamfields #trance https://t.co/vcHqMb7X4t
394001852,0,If anyone wants a Thursday creamfields camping ticket for a Friday I'll swap ğŸ˜ŠğŸ˜ŠğŸ˜Š
189983279,1,Trust me to be rushing around the day before we go to Creamfields... Where will I get wellies in durham?!
2856557109,0,If i see one more snapchat story of Creamfields I'm going to cryğŸ˜°ğŸ˜°
41162402,0,Time for @Alesso @Creamfields! Game on!
2767302135,0,"Selling 2 3 day camping creamfields tickets, dm me if interested"
3349897575,1,Buzzing to see @DJEZOfficial at #creamfields
142728442,1,Ordered a shewee for creamfields. My poor nana opened it infront of my grandad and got all embarrassed cos she thought it was a sex toy ğŸ˜©ğŸ˜‚
19927244,1,Creamfields! ğŸ˜ â€” travelling to Liverpool from Dublin Airport - Terminal 1 https://t.co/6ZA2M6MZ7W
23173327,1,@Creamfields was so sick ğŸ™ŒğŸ½ definitely going back next year @BennGoggin ğŸ»ğŸ»
214379204,1,"Working till half 9 here, if it wasn't for creamfields tomorrow I'd have buried my head under the wheel of a bus hours ago"
238685745,0,Creamfields tomorrow! ğŸ’ƒğŸ»ğŸ»ğŸ’ƒğŸ»ğŸ‰ğŸ†ğŸ¶
554601718,0,Can't be assed for creamfields in this weather tbh â›ˆâ˜‚ğŸŒ§â˜”ï¸
76619737,0,Should've sorted to go Creamfields this why the fuck did I not ğŸ˜©
2531655736,0,"2 years ago I was sat in my tent at creamfields like this, now I'm sat in a van on way to work boooo hooooo https://t.co/ttFAtUV0GE"
145636412,1,Just b4 the set creamfields âœŒğŸ»ï¸ ğŸ˜ https://t.co/RRPO1G3ANs
471943208,1,Creamfields outfits sorted!! Excited excited excited. I have a feeling this will be the best one ğŸ™ŒğŸ»ğŸ‰
2758303545,0,This time 4 years ago I was in Creamfields with a proper pea head hahaha https://t.co/l0S4YtX5VH
4649522236,1,"Getting so excited for the next couple of weeks, Creamfields next weekend and then Newcastle ğŸ‘…"
418172525,0,"1 ticket to Creamfields- Standard (4 day camping) - Warrington, 25 Aug, less fv Â£175.00. Always face value or less: https://t.co/dLGYNVgEhu"
1298680394,0,I'm watching the BIGGEST @Creamfields Aftermovie ever right now! â€“ To win tickets go to https://t.co/C17aVx0Tzk #CreamfieldsAftermovie
257769935,1,#Creamfields tickets have landed ğŸ˜ğŸ‘Œâ˜€ï¸ğŸº
2958281974,0,Who asked @Creamfields  if they could bring a pet??? Who would do that? #CreamfieldsFAQ #Creamfields
20732735,1,Buzzing to be playing @Creamfields tomorrow! ğŸ˜ğŸ’ƒ https://t.co/UDWdhV24Q7
49236023,0,Watching @aboveandbeyond and realising I made a big mistake missing out on Creamfields.
3931063948,1,Only a few days to go....    #medway https://t.co/fc1hBiiP56
526526049,0,"Sooooo jealous of people at creamfields, why did I pick T man"
2959151650,0,It's so pathetic how loud Creamfields is from my houseğŸ˜‚
359591785,1,Looking forward to Creamfields with my butty @EthanWhite__ hopefully we don't have another heat waveâ˜€ï¸ https://t.co/DTzqgV2g4G
52052696,0,I am definitely not jealous of everyone at Reading Leeds and CreamfieldsğŸ˜–ğŸ˜–
1705364959,0,Finished work for 6 days get me to Creamfields ğŸ˜ğŸ‘¯ğŸ»ğŸğŸªğŸ¶
359614581,0,"So they waited three months of counting down to announce Scotty T, Basshunter and Bear to Preston freshers... Creamfields are shaking"
130287259,1,Cunt me and Jay are actually gon to creamfields.
95919889,0,"Jealous of everybody at Creamfields, definitely getting a ticket for next year when they come out! #workworkwork"
379742025,0,wonder how many dead funny people are gonna tweet creamfields this weekend asking if they have dogs cos there mates allergic to them
518857436,1,I am BUZZING for @Creamfields with the girls ğŸ‘…ğŸªğŸ¦„ğŸ’ƒğŸ¼ğŸ”Š
71069666,0,Genuinely gutted that I'm not going to @Creamfields this weekend ğŸ˜”. Bad move Mia ğŸ‘ğŸ½
41672349,1,Creamfields makes me so happy
623755056,1,It has begun! @creamfields ğŸ»ğŸ•ğŸª @ Creamfields https://t.co/Iknl9an9b1
252281082,1,CREAMFIELDS TODAY!!!ğŸ‰
287339957,0,"If anyone's interested someone I know is selling a Creamfields ticket, silver package camping, Sat &amp; Sun, Â£200.... https://t.co/NvIpBcBv8Y"
24343698,1,Saturday. @Creamfields Arc Stage. Can't wait! /\ https://t.co/0JwUO9q3lF
218078589,1,In a week I'll be disappearing to @Creamfields with @shannondacombe and it's EXACTLY what we need â¤ï¸ğŸ‘­
154970007,1,"Purchased @Creamfields tickets yesterday in my lecture because it was boring, never felt better ğŸ˜ #excited"
2266074369,0,Why did I add creamfields on snapchat cuz I'm just crying at their story :(
20106243,0,This is how close I live to creamfields I can add to the story ffs https://t.co/AbESvDKlLh
509093741,0,So jealous of all you people at creamfields or reading in this lush weather â˜¹ï¸
576188422,1,Excited for creamfields tomorrowğŸ˜œğŸ’ƒğŸªğŸ‰
110158308,1,Anjunabeats 4 Lyfe! @ Creamfields https://t.co/fmjTZ2KCaK
504834277,1,Sunday ticket for creamfields boughtğŸ’ƒğŸ»ğŸ’ƒğŸ»ğŸ’ƒğŸ»
21787140,1,shite mood get me to Creamfields
1137567560,1,can't wait to be back at this amazing place #creamfields ğŸ˜ğŸ˜ğŸ˜ https://t.co/6JpBFjFXvv
225432600,1,Can't wait for creamfields on Thursday ğŸªğŸ¤
263626034,1,Literally have nothing sorted for creamfieldsğŸ˜«ğŸ¤”
457901331,0,Just seen a couple of coaches full of people going to Creamfields and Reading. I'm on a bus going to work FFS.
1707489044,1,Can't believe I'm going creamfields in a few days and how unprepared I am for it ğŸ™‚ğŸ¤˜ğŸ¼ğŸª
43711324,0,Bring him to @Creamfields with you https://t.co/Xrsa22ntqt
3387375052,1,Absolutely buzzing for @Creamfields can't wait!!!!! Only 72 days to goğŸ’ƒğŸ½ğŸªğŸ‰ğŸ‘»
2384042509,1,One more day of work. Then off to creamfields for 4 days. Buzzing.
257396328,0,Weathers good for Leeds and creamfieldsğŸ˜‚
442080513,1,Did I mention I'm going @Creamfields today ???????
2722250080,1,Leaving for Creamfields in 5hrs and haven't even started to pack L m a o
170716044,0,Absolutely gutted I'm not going Creamfields ğŸ˜©
257221514,1,busy few weeks coming up so excited #Creamfields #Holiday #Budapest #HannahWants #WHP ğŸ˜ˆğŸ˜ˆ https://t.co/Gl1uwCHx2d
704635310714560513,0,I should be at Creamfields right now ugh regrettttsssss
614958241,1,Can already tell this time next Thursday I'll be looking after @harry_redshaw at Creamfields
20159387,1,"Seeing all these tweets about @99SoulsOfficial at Parklife has got me buzzing for their set at @Creamfields, highlight of last year. ğŸ’ƒ"
932891048,0,Who needs creamfields when we had MC Finchy in GL3 last night ğŸ˜‚ğŸ¤˜
558794097,0,If anyone wants to come to Creamfields for free message me ğŸ’ƒ
289042382,0,Gutted I'm not off to creamfields with the lads tonight like ğŸ‘ğŸ‘
472898734,0,"2 tickets to Creamfields 2016 - 4 Day Camping - Warrington, 25 Aug, less fv Â£153.00 ea. Always face value or less: https://t.co/onsFhMbLjK"
355050644,0,We have our own Creamfields in Torrevieja!!! @ Paseo Maritimoâ€¦ https://t.co/S70L1K6rGC
134089689,1,hope the weather stays like this for creamfieldsğŸ˜…ğŸŒâœ¨
1556492132,0,Wish I was going to Creamfields ğŸ˜” ğŸªğŸ»
41895180,1,So excited to be going @Creamfields today ğŸ‘¯ğŸ‘¯
228483690,0,"so many people on my snapchat are at creamfields and reading, i'm jealous"
553722520,0,couldne think eh anything worse than creamfields
183759423,1,After Creamfields I'm going to be on countdown till my next holidays off work which will be Christmas ğŸ˜­
2715112726,1,@lucasandsteve can't wait to see you at creamfields!
2802748318,0,Wish I was at creamfieldsğŸ˜©ğŸ˜©
378225051,0,First time in 3 years I'm not at Creamfields ğŸ˜©
263817423,0,Knowing that Creamfields is next weekend is making me gutted I'm not going ğŸ˜­
210052107,0,Creamfields is a must for next year when I'm home ğŸ™ŒğŸ»
2258145730,1,Jump jump jump ğŸ™Œâ¤@arminvanbuuren creamfields2016 photo by @florisheuer #creamfieldsâ€¦ https://t.co/Q4ocxvpkjh
2609222356,1,The @Creamfields buzz has kicked in well and truly I'm all jumpy and gone all warm and fuzzy inside
2740824460,0,"Watching all the barber shop movies to compensate for nards company while he's at creamfields, stupid black idiot leaving me for ket heads"
254654344,1,IM SO FUCKING EXCITED FOR CREAMFIELDS!!!!!
2420125871,1,"supposed to have a college interview, a job Interview and to pack for creamfields all today"
229540050,1,buzzin for creamfields tomozğŸ˜œğŸ¤˜ğŸ»
380967379,1,IM SO EXCITED NWJWBW https://t.co/2MsGwUfx6r
764953581858545669,0,Not long now until @hannah_wants will be with us at both @OfficialRandL and @Creamfields who's excited!? #hannahwants #RandL16 #creamfields
587479592,1,The fact my tickets are here I'm even more excited ğŸ’ƒğŸ»ğŸªâ˜€ï¸ https://t.co/bWMjJ8iQeu
58910500,1,I'm defiantly not fully recovered from Ibiza and ready for creamfields next weekğŸ˜­
287843508,0,Wigan not scoring done me out of Â£688 ğŸ˜© I so would've been hot footing it up to @Creamfields tomorrow if that had come in #wounded
763745772013776898,1,Packing for creamfields is the most stressful thing in the world!!  Xx
1550741208,0,Will you be attending @Creamfields? Avoid the rain &amp; book in at @Campanile_LPL while we still have some rooms left!! https://t.co/Eb8DcwsKnL
377526332,1,"Mad that Creamfields is next week, cannot fucking wait!!"
422082355,0,Actually depressed that me and Jord were supposed to be at Creamfields this weekend
340294780,0,@victoriastewa98 just facetimed is from Heldens at creamfields and a wanna cryğŸ’”ğŸ’”ğŸ’”
418291526,1,"Just had my last meal until Monday and fucked my eye brow up trying to shave a line in it, but who cares I'm of to creamfields ğŸ‘€ğŸ¤‘"
26507585,0,"Police issue drugs  warning ahead of Creamfields Festival
https://t.co/yqAFQD3Jan"
563738978,0,2 bronze package 4 days camping tickets for creamfields for sale &amp; return bus from Dundee for 2 people. Â£550 for everything RT please ğŸ˜Š
608579518,1,Can't wait to get my head bopping round that steel yard at cream #creamfields
320932229,0,"Think Creamfields is the worst festival going. It's easier to just heat up your spoons at home, surely?"
478828784,0,"All the boys facetiming me, all flat out in creamfields and I'm tucked up in bed ready for work at 6am cushtee #newsungy"
1622395736,0,More arriving for the last day of #Creamfields2016 #creamfields https://t.co/0sa8J3QpcS
2163698440,0,Who needs to go Creamfields when you've got Christian singers having a rave outside of where you work
2223280987,0,A couldny think of anything worse than creamfields eh ğŸ˜© no fir me âœ–ï¸âœ–ï¸âœ–ï¸
459717815,1,Bought a Sunday Creamfields ticket without even lookin who is there and I must say I'm super excited now Iv seen the line-up ğŸ˜ğŸ‘¯ğŸª
995646235,0,I would actually do anything to be at creamfieldsğŸ˜©ğŸª
24929227,1,"Can't wait to support my music family @Axtone and @Axwell  @Creamfields tomorrow.Pure excellence as always, music making me feel I #belongâ¤ï¸"
474844305,0,"Not gonna lie, wish I was going to creamfields this weekend ğŸ˜©ğŸ˜©"
47104158,0,I wish I was at Creamfields
116066099,1,As if I'm going creamfields tomoz dafuq have I done that for
4482396820,1,Its that time of year again ğŸ™ŒğŸ¼ #creamfields #wellies #muddy #beer #music #life #happy #goodtimesâ€¦ https://t.co/WEufA1bIvp
813092023,1,my hair was that knotted from creamfields i have had to pull half of it out just to get a brush through it
3053582559,0,wish I was going creamfieldsğŸ™„
307930842,1,Far too buzzin for creamfields now
316047877,0,"Fairly gutted I'm not going creamfields but tbh, I really couldn't be assed in this weatherâ˜ğŸ»ï¸ğŸŒ§"
507765264,1,Buzzing! #Creamfields2016  https://t.co/ORZutSrkna
2361653145,0,"Today we are listening to @MarcKinchen ! 

Catch him at @Creamfields this weekend! ğŸ‰ğŸªâ˜€ï¸

https://t.co/U8csNkzOvC"
457692559,0,"I have never been to creamfields, Leeds or wherever else but I do know boomtown shits all over it."
2843346213,1,Buzzzinggggg for creamfields
1694393636,1,I just want to go to sleep n wake up with it being Thursday so i can go Creamfields plz ğŸ™‚
526671817,1,"This time next weekend I'll be at creamfields, beyond buzzingğŸ˜›ğŸ‘¾"
1207567328,0,"Creamfields 2016 dates, line up, location and how to get tickets to the Daresbury festival https://t.co/E2frPTFgqh RT @YourHolidayHub"
45209381,0,4 day gold creamfield tickets for sale Â£520 for them both should be Â£680 #creamfields #forsale #tickets #gold ğŸ’‹ https://t.co/hgXuDQxnSq
56061002,1,Seeing everyone already on their way to creamfields makes me so excited to arrive tomorrow! @ConorSullivan97 BE READY FOR ME
3437200601,0,@BBCR1 are you doing a live stream from creamfields??
184375207,1,My mum just rang me to see if I'm still alive at Creamfields ğŸ˜‚ safe to say she knows me to well ğŸ˜­ğŸ™ˆ
144987384,1,Sooooo excited for creamfields next week ğŸ˜›ğŸ˜›ğŸ˜›
807625237,1,Creamfields a week the day ğŸğŸ˜ğŸ˜âœŒï¸
74469342,0,29 days till #ABGT200 but first up let's check @aboveandbeyond at creamfields this weekend first as a nice warm up
446199697,0,Your insane if your not going creamfields on saturday for @LaidbackLuke @WillSparks and @timmytrumpet im ready to BoUnCe! ğŸ˜ğŸ”¥ğŸ˜ğŸ™ŒğŸ¼ğŸ”Š_||_
265397013,1,Creamfields Sunday ticket sorted ğŸº
424528004,1,Can't wait to for Creamfields tmozğŸ™‚ğŸ˜¬ğŸ‘»ğŸ˜ğŸª
546143637,1,I am so so buzzing for Creamfields
1241668280,1,Creamfields tomorrow one last send off to the festival on the door stepâœŒğŸ»
783088350,0,Starting to regret selling my Creamfields ticket ğŸ˜‘
735414272,0,wish i was at creamfieldsğŸ’”
2875444144,0,"@Creamfields hey, wanted to enquiry about entry on the big weekend! Are wheelbarrows aloud through to carry our belongings ?ğŸ¤”ğŸ¤”"
448932100,0,"Didn't think I could hack v then creamfields, how wrong could I be, I am so guttedğŸ™ğŸ™"
734722909290278912,1,"We are enroute, don't forget we will be broadcasting live from 9pm. #creamfields2016 #housemusic #radio https://t.co/GECzCFLMcb"
2841074354,0,BREAKING: Man from Cornwall dies at Creamfields festival as police launch probe https://t.co/ddeI3U1Rio
486940954,0,@Skrillex streaming on facebook cool   do it at creamfields   let us see the crowd   wished I was there    but   #NoMoney  so  please livefb
3034930552,1,"Pop up beauty bar time with another lovely lady, before heading off to creamfields! ğŸ˜â€¦ https://t.co/MC6HQsE2WO"
1061651178,0,100% know not going to Creamfields will be my biggest regret
329332200,1,Creamfields ready! #creamfields #creamfields2016 https://t.co/kgTKcBUdEy
3026051114,0,"Updated prices - msg me to book #dancefstvltix 
#sw4
#creamfields 
#sundownfestival 
#boundarybrighton 
#bestival https://t.co/9ptv3yhGuM"
706189572951175170,0,"Can people please not mention anything about creamfields this weekend, wish I was there man ğŸ˜©"
48326563,0,Well wish I was going creamfields tomorrow
747230165143543808,1,one week the day till creamfieldsğŸ’ƒğŸ»ğŸºâ˜€ï¸
484168108,1,Packin for @Creamfields n am buzzzzan ğŸ˜ğŸ˜
348582382,0,Anyone know anyone or have a Sunday creamfields ticket for sale?!? ğŸªâœŒğŸ¼ï¸
1617876511,0,Jack is selling 1 #Creamfields 4 day camping ticket under face value right here #vibetickets https://t.co/JcW0LVGo4q https://t.co/Fd2E4BWDce
4185264683,0,Being able to hear Creamfields while I'm in bed is so shit when I'm trying to get to sleepğŸ˜´ğŸ˜´
269462127,0,4 day standard camping Creamfields ticket for sale! Â£220 Ono. @VibeTickets
2185281616,0,Should be at creamfields but naw am in work all weekend ğŸ˜
396075297,1,Got my rainbow hair ready for @vfestival and @creamfields all I needâ€¦ https://t.co/0iKBF1dScS
90852843,0,wish I was at @Creamfields this weekendğŸ˜«
26482350,1,Broscience on our way to Creamfields! @marlo_music https://t.co/AfykUK7FMN
598388538,0,So upsetting when you're driving to work and seeing signs for CreamfieldsğŸ˜­
565690125,1,Work done for the week early start tomorrow Creamfields !!! ğŸªğŸ»ğŸ”Š
414119806,1,Why @Creamfields @Avicii and @Axwell ^ @Ingrosso at the same time ğŸ˜ğŸ˜­
2931805204,1,Last full week at work before @Creamfields â›ºï¸ğŸ¤
395358955,1,Seeing everyone's vfest pictures is getting me excited for creamfields ğŸ˜
414180091,0,Jealous of anyone tonight at creamfields with Calvin
3322941304,1,Can't wait for creamfieldsğŸºğŸª
148898774,1,Last day at work then @Creamfields for the four days can't wait man!! ğŸ˜ğŸ”¥
54547711,0,After 2 #sunday #creamfields #tickets DM me
380486343,1,"Work finished, now I just need a chill night to prepare for all the happenings at Creamfields ğŸ’ƒğŸ»ğŸ’ƒğŸ»ğŸ’ƒğŸ»"
195891050,0,2 day gold @Creamfields ticket available for sale sat-sun open to offers dm me #creamfields#tickets
206814676,0,wish I was at Creamfields todayğŸ˜©
455974217,1,Can't wait for @ericprydz tomorrow in creamfields yerno ğŸ’ƒ
3179780349,0,So I'm supposed to be in @Creamfields Incase none of you knew already! Instead I'm staying late ON A FRIDAY in work ğŸ”«âŒğŸ”«âŒğŸ”«
601456227,0,so jealous of everyone going to creamfields ğŸ˜­ğŸ˜­ #takeme
2276015697,0,Creamfields Afterparty @ Passion tonight from 12 | NO TICKET NEEDED | FESTIVAL WEAR ALLOWED ğŸª #Liverpool #Afterhours https://t.co/MVXPr9xw0B
296315378,0,Could cry that I'm not at Creamfields this weekend! ğŸ˜”
722148204368801793,1,"cant wait to see @HARDWELL again, next week couldnt come quicker! #Creamfields2016"
303270396,0,I am so fucking gutted Declan didn't come Creamfields
292259500,1,Watching @HARDWELL live is getting me pretty excited for Creamfields in a week and half!!
3351713879,1,Mad that I've only got 4 more work days then I'm off for @Creamfields ğŸ’€
558017845,0,Actually gutted im not goin to creamfields need to save better ğŸ˜‘ğŸ˜‘ğŸ˜
73738916,1,"@Creamfields is sooooo sick, last night was nuts"
880746512,0,Is it true that there is actually an MC tent at Creamfields? ğŸ¤” asif it wasnt hotchin enough
4890379366,1,@Patrick_Topping @Creamfields the best I've seen!!! ğŸ˜ğŸ˜ https://t.co/z7A4QpE2nH
868433173,0,wish I was at creamfieldsğŸ˜¤
2593789657,1,9 hours later and we're finally at creamfields ğŸ˜©
3233754133,0,I can hear music from creamfields
369993734,0,Why oh why did I not buy a creamfields ticket?? ğŸ””ğŸ”š
187861670,1,Creamfields nails ó¾†–ğŸ¼
1679561419,0,Creamfields next year w the ladsğŸ˜
1446989732,0,Who's selling a creamfields ticket
393530565,0,If my outfit comes tomorrow and doesn't look right I am not going creamfields ğŸ˜Š
3031548447,1,My creamfields tickets are at the deport ğŸ™ƒ
255676896,0,"X2 Creamfields 4 day camping tickets for sale, message me for details"
25991218,1,Trainers after creamfields ..... Could have been much much worse. https://t.co/smebk9lUiY
85184667,0,Why am I not at creamfields ğŸ˜­
754860618927247364,1,Am legit buzzing about @DJGammer and @MCWhizzkid at creamfields! Can't wait to see them fo myself in October ğŸ™ŒğŸ¾ğŸ™ŒğŸ¾
765846128466202624,1,#Creamfields2016 has been unreal! I'll be playing here one day. Watch this _____
457957872,0,Creamfields looks fucking sick!
727099055692718082,0,Everyones videos from creamfields are making me so damn depressed hope my friends don't come back
582078508,1,@Avicii opening his set at @Creamfields https://t.co/EVkC49IEJn
375551239,0,@HollySmyth_ oh holly are you selling creamfields tickets by any chance
3179534544,1,Take your friend to work day for me ğŸ˜„ got this beauty with me at Creamfields today @racheljones1994 ğŸ‘ŒğŸ½ğŸ‰ https://t.co/LyoHjKMaBz
388141266,0,My boy @JakeQuilter just face timed me from creamfields and ngl it looks so focking sick. Gutted I Ay gone ğŸ˜ğŸ™‡ğŸ½ğŸ˜«
373655445,1,Bus driver going to creamfields is a nightmare canny even get to England without getting lost
290221520,1,Absolutely BUZZED for today ğŸª #creamfields
45975518,1,@creamfields was so much fun! Always wanted to do a long mainstage set! 2h 10 minutes of pureâ€¦ https://t.co/IpIPSdcLTD
122983483,1,up this early to get to @Creamfields! let the journey beginğŸ»ğŸ»ğŸ‘­ğŸ‘«ğŸ’ƒğŸ»ğŸ‰ğŸ’–
398220759,0,Anyone selling a Saturday Sunday ticket for Creamfields???
3279277757,0,I miss Allan as soon as he leaves my house I dunno what I'm gonna be like when he goes to Creamfields ğŸ˜©
410073986,0,Just wishing I was going creamfields this weekend yknow ğŸª
273792642,0,"BOOM! We have another pair of #creamfields2016 #tickets to #giveaway today! ğŸ«ğŸ‰ 

Follow &amp; RT to #win! #competition https://t.co/1wAkcwC897"
235375545,1,Creamfields tickets came at last ğŸ™ŒğŸâ›ºğŸ»ğŸ‘­
3266335759,0,Police arrest more than 20 people at CreamfieldsÂ festival https://t.co/XPtlt3YsWN https://t.co/2V5QwjBhCm
1114207536,1,#tbt to we areğŸ‘€ so buzzing for creamfields next weekâœŒğŸ»ï¸ https://t.co/E3PURrAK7g
123057511,0,was on the way to creamfields a year ago today and reading festival 3 years ago today ğŸ˜Ÿ
1334380904,0,Why aren't we there @coralarlow ğŸ˜«ğŸ˜­ https://t.co/uX5TRKYbN3
169195349,1,Really need it to be creamfields like now I need to go omfg
473592825,0,Anyone going to creamfields?
2965844794,1,"#SaSaSaS #creamfields ğŸ™ŒğŸ¼ğŸ™ŒğŸ¼ğŸ¶ğŸ¶ğŸ”¥ğŸ”¥

That crowd were going madddd ğŸ™ğŸ¼ https://t.co/bL1STRADb4"
2396589405,1,"Have waited 2 years for this day, can't comprehend how mad this weekend is gonna be! @Creamfields ğŸ‰ğŸŠğŸ‡â¤ https://t.co/bDuCQ0bOCS"
456959209,0,This time last year I was at @Creamfields. Gutted I didn't go this year
255466208,0,Should not have of added Creamfields on snapchat... Get me there quick!!!!ğŸ™ˆğŸ™ˆ
63712277,1,Creamfields tickets have arrived ğŸ‘ğŸ¼ğŸ˜…
572670406,0,Want to be living it up in Creamfields with the girls nowğŸ˜©ğŸ‘­ğŸª
2973892775,0,Have the bestest time at creamfields n stay safeğŸ¤—ğŸ¤— so jealous!!! enjoy Angels xxğŸ’˜ğŸ’˜ @charmaine_1999 @EmilyMcGinlay
33250615,0,Just spotted creamfields on snapchat stories I'm not even going to watch it ğŸ˜­ğŸ˜­
553058808,1,Creamfields tickets have come ğŸ‰ğŸª
414268938,0,Selling a 4 day standard camping creamfields ticket. Dm for details!!
487449079,0,Crazy to think Creamfields was a year ago
201801592,0,Why did I waste 300 bar on a Creamfields ticket when I could just of sat at home and watched @AaronMcManus_ snapchat story ? Same thing
714519085263011841,1,Couldn't think of a better way to spend my Sunday morning than getting woken up by luke after his ket bender at #creamfields ğŸ˜‚ğŸ˜‚ğŸ˜‚ğŸ˜‚
71208005,1,Weâ€™re working with #Creamfields organisers and other partners to minimise the impact on the local community. Please respect your neighbours!
34617229,1,Creamfields and The NorthernÂ Adventures https://t.co/9DbDtxLwUa https://t.co/tm4HbKNPLp
415058148,1,I get a phone call this morning off a very excited person in a muddy field in converse.. Have the best time in Creamfields! @chdgriffiths ğŸ‘€
717051312064622594,0,wish I was at creamfields
554572281,0,Sick as fuck that am not at Creamfields ğŸ˜©
720033726,0,Why didn't I go creamfields ğŸ˜©
606344129,0,Wish I was going Creamfields next weekend ğŸªğŸ’­
1352102226,1,I'm going to creamfields tomorrow n I have nothing ready :) and I have no clothes :) and I have no money :) ğŸ’—ğŸ’—ğŸ’—
737312448,1,Should probs buy a tent for creamfields on Thursday not book flights to Ibiza for September. Priorities ğŸ™„ğŸ˜‚
378720338,0,So so so sad am not going to creamfields next week
59089484,1,Seeing everyone at #VFestival on snapchat is making me so excited for #creamfields next week ğŸ˜ˆğŸ˜ˆ
516678556,0,"I want to be at creamfields this weekend, but instead I get to work all weekendğŸ˜’"
3336579610,1,Fucking buzzing for will sparks next Friday then creamfields on the Sunday ğŸ’ƒğŸ’ƒğŸ’ƒğŸ’ƒ
344421448,0,Anyone selling a Sunday creamfields ticket?
2179522516,0,CreamfieldsğŸ’¥
1686812263,1,Finally.... My body is ready... Roll on Sunday for @tiesto and @HARDWELL at the Horizons stage @Creamfields ğŸ‘ŒğŸ¤˜ğŸ»ğŸ¼
4496336854,0,Can you buy tickets at the box office? @Creamfields
600245652,1,Too excited for Creamfields this weekğŸ™ŒğŸ»
738015995080671232,1,This song getting me excited for @Creamfields ğŸ’ƒğŸ»ğŸ‰ğŸ˜œ @LaidbackLuke see you thereeeeeğŸ˜œğŸ˜œ https://t.co/y4dDeL0ITQ
296802246,1,Throwback to #creamfields last night @Axwell @Ingrosso https://t.co/6c8JykyR2O
583652064,1,"Friday cannot come quick enough no stressing about work , just 4 days of amazing Djs ,friends,booze,banterğŸ‘ŒğŸ¼ğŸªğŸ‘¯ğŸ˜ https://t.co/NyvokaYUuN"
946571948,1,Tomorrow is my last day off until creamfields which excites me and also makes me wanna die
26540333,0,#Volunteer with Festaff at @Creamfields - 4 days of the best dance music on the planet all for Â£15ğŸ”ŠğŸ™ŒğŸ¼ #bargain  https://t.co/T2fBqwmVy1
274131283,1,Cannot wait for Creamfields
748507858141126656,0,"Going to .@Creamfields? Don't lose your tent, car or friends. Mark them with a Big Red Arrow! https://t.co/HMrchISKpy"
214583132,0,Swear there is a full on rave going on near me. I feel like I'm living next door to creamfields
27972993,0,Watching Avicii at Creamfields on Snapchat and getting them feels though ğŸ˜­
72815530,1,"Had a blast djing at @Creamfields yesterday, and was great to hear everyone singing along to Remind Me https://t.co/j7TaKA15i4"
990989191,0,creamfields looks absolutely crazy!!! so wish I was there ğŸ˜©
279271252,1,3 day work week then 4 days at creamfields wahoooooo ğŸ˜ğŸªğŸ¤˜ğŸ¼
304523283,1,Gutted I'm not at Leeds fest this year but I've got a good feeling about creamfields ğŸ‘¯ğŸ’ƒğŸ»
167893907,0,"Jealous I won't be at Creamfields, never forget when @rebturty died off that balloon hahahahaha"
1388022493,0,Canny believe going from gold camping at creamfields to no even having nice toilets at Leeds
2322395087,0,Creamfields and sw4 look too good
89267127,1,"Surprised my mum and took her to watch our set backstage at creamfields today, she was buzzin her jubblies off haha. Wot a crowd, Thankyou!x"
445089487,1,Buzzing for CreamfieldsğŸ˜ğŸ˜ğŸª
208516259,1,Brand new @wilkinsonuk single went down pretty well tonight at @creamfields ğŸ™ŒğŸ¼ #sweetlies @â€¦ https://t.co/wyU9LJdVgp
1352542381,1,Thank fuck my creamfields ticket came 100% thought I wasn't going ğŸ˜‚
88023796,0,Can my friends please stop face timing off their nut at creamfields while I'm working all weekend ğŸ˜­ğŸ˜­ğŸ˜­
406606215,1,En route creamfields ğŸ™ˆğŸ™ˆğŸ™ˆğŸ™ˆâ›½ï¸
232589722,0,"Creamfields This Sunday...
Early Set Time 1400 - 1600
@MarcKinchen #Area10 Stage 

Hope you can make it... ğŸ’ƒğŸ¾ https://t.co/4xRBOSKDrV"
306945234,0,Can my creamfields ticket please come ğŸ˜©ğŸ˜©ğŸ˜©
57069002,0,Soooo wish I was at Creamfields right now ğŸ˜­ğŸªğŸ¶
1875683839,0,can't wait to be old enough to go to creamfieldsğŸ™ŒğŸ¼ğŸªğŸ‰
313598033,0,"Kindly volunteered to be the bus conductor to &amp; from creamfields on Sunday. 

May need help due to a heavy day on the return journey ğŸ˜‚ ğŸšŒ"
4242950603,0,So gutted I'm not at creamfields this weekend
435891292,0,"Really fucking stuck who to watch close Creamfields... Too many DVLM, Prydz, Tiesto, Harris, Blasterjaxx. FUCKKKKKKKK ğŸ˜©"
416951967,0,I wonder if there's any good Pokemon at Creamfields ğŸ¤”
742544707,0,One weekend creamfields ticket for Â£100 needs to go! #creamfields #CreamfieldsCountdown
556098057,1,Drying out my tent following the rain during @vfestival ready for @Creamfields hopefully better weather #medcover ğŸŒğŸŒ¨ https://t.co/n7Iau7mxad
622234085,1,One week today I'll be a moody ass bitch on the bus of hell but whoooos caring cuz CREAMFIELDS ğŸ‰ğŸ»ğŸ­ğŸ¶ğŸªğŸ‘¾
533428751,1,Can't wait for creamfields with my sister @abigailrayson17 ğŸ¹ğŸ‘¯ğŸ’ƒğŸ½â›ºï¸
549093082,0,"Man, 26, dies at Creamfields festival in Daresbury, Cheshire https://t.co/WEwSVlRiWZ"
477757132,1,Nearly day 3 of creamfields and ive managed to stay alive âœŒï¸
375807722,0,Creamfields is a no go if this weather carries on
560336980,0,I honestly couldn't think of anything worse than being at creamfields ğŸ™‚
3358995652,1,Buzzing for creamfieldsğŸªğŸ‘Œ
364372545,0,How ridiculous that you can't re-enter Creamfields yet camping tickets are cheaper than non camping GAL JUST NEEDS A WEEKEND TICKET FFS
2912479815,0,"Jealous of everyone going to Leeds tomorrow, but Creamfields? Can't think of anything worse"
2279431676,0,"Man, 26, dies at Creamfields festival in Daresbury, Cheshire â€“ BBCÂ News https://t.co/wSHurcNAkl https://t.co/5Ldu4ef3OK"
81467868,1,Just ordered some Hunter wellies for CreamfieldsğŸ’ƒğŸ½
1858476974,1,The struggle ğŸ˜‚ #creamfields #shoulderview #avicii @ Creamfields https://t.co/zcis7Z5BJ6
2308413667,0,"Breakfast may be finished, but we're serving #Brunch until 12! Get all your energy for #Creamfields #ResiOrNot here! @CampanileUK"
2906608349,0,Hope everyone a know at creamfields has a shit timeğŸ™ƒğŸ™ƒ #notjealous
26546218,0,Great work.   Well done https://t.co/DKuAtSQIuU
209256574,1,All set for Creamfields #3LTPro #3ltmono #nikon #fisheye #thinktankphoto #runninglightâ€¦ https://t.co/K83BQ88hJN
22617605,1,Safe to say Creamfields has ruined me after one night... need to carry on or I won't survive
106785211,1,I'm so excited for creamfields ahhhhhhhğŸ˜ğŸ˜
171512811,1,Me n @big_cam2 best security @Creamfields waiting for Mr @TomZanettiTZ 4 o clock pepsi tent ğŸ¶ğŸ‘€ğŸ™ŒğŸ½ğŸ’ƒğŸ»ğŸ‘ŠğŸ½ğŸ‘ŠğŸ½ https://t.co/1BUpUaQbxR
156721968,1,anyone know a way I can get creamfields shuttle bus tickets from manchester ??????
906166038,0,Gutted not to be @Creamfields with the boys is weekend! Have a crazy loose weekend @DomWillz @callum_close97 @joeeds96 @282Oliver ğŸ»ğŸµğŸ˜
4604236174,0,Creamfields is a mustğŸ˜­
4716598737,1,"KatieAnnHiggs : Nails done, food brought, just packing to be done and then get me to CreamfieldsğŸ˜›ğŸ˜›ğŸ˜› (via Twitter https://t.co/m4OZlmDNcf) #â€¦"
1061629836,1,100% certain that I am neither physically or emotionally ready for Creamfields
262738953,1,Still tho 3 days of work then to let the sesh really begin ğŸˆ #Creamfields2016
2657827115,1,Not looking forward to a weekend of sleepless nights while Nic is having a whale of a time at creamfields
1305533502,0,wont even need to be attending leeds fest or creamfields when you have snapchat
386395648,0,Selling creamfields tickets cheap! Dm me if you want them @Creamfields
1735491852,0,Why have I not gone to creamfields?ğŸ˜”ğŸ˜©
389099086,1,Didn't think I'd find packing for creamfields this difficult ğŸ™ƒ
251207720,1,Came to the conclusion that I'll be packing for creamfields in the 2 hours I've got before we leave. Forever last minute packing ğŸ˜‚ğŸ’
487277460,1,All packed for Creamfields finally always leave it last minute and think I have way to much stuff ğŸ™ƒğŸ™ƒğŸ™ƒ
276654807,0,trying everything to get this pain gone so I can join Shane for the last night of creamfields tomorrow
295056332,1,Go to Creamfields tomorrow and I am yet to have packed ğŸ™ƒ
273171687,0,I want a Sunday ticket for Creamfields someone sell me one
37730429,1,Decided I'm gonna live in the gym after Creamfields cause this is getting ridiculous ğŸ˜©
33020625,0,best part of creamfields last year was @FatboySlim and im devastated i aint there right now
110233256,0,Sick as out that I'm not attending creamfields this year
21107895,0,Any chance of a gold information pack being sent out as a online doc? @TicketmasterCS @Creamfields I didn't recieve one with my tickets..
187307584,0,Wish I was going creamfields
294512771,1,En route to @Creamfields ğŸ‘£ğŸ» get me to that silent disco ğŸ˜ https://t.co/81olglD88h
987208387,0,Can't even deal with this  https://t.co/SqLAX4koQq
505810535,0,Anyone selling a 3 day silver creamfields ticket?
749112314,0,"I simply cannot watch anymore live streams of @Creamfields on Facebook, why am i not there?!"
1321198861,0,Unlucky the red men there off home now Creamfields tomorrow ğŸ˜ https://t.co/1c51KQSmhQ
4441366665,0,Why can't I be at Creamfields rn watching @DonDiablo
189432462,1,Really excited to be working at Creamfields Festival. Although I only know two of the acts there
175831218,0,fucking gutted I cant get to creamfields until like 7pm on friday
733741309,1,Still need to pack my stuff for creamfields...cb fukin a!
354464049,1,Can't wait to book @Creamfields â¤ï¸â¤ï¸â¤ï¸
2860548833,1,I WILL BE AT THE FRONT NO MATTER WHAT IT TAKES!! CAN NOT WAIT TO SEE ALESSO FOR THE 4TH TIME!! ğŸ™ŒğŸ™ŒğŸ¶ğŸ™Œ https://t.co/k9FIyDYmKg
222159340,0,Gutted im gonna miss theseğŸ˜©ğŸ˜­ https://t.co/soZGoqAZOa
297338796,1,Thanks for the good times @Creamfields https://t.co/GstClUJFwD
209209154,1,Creamfields tour bus birthday... I don't like cake so they bought me cheesecake :) Cheersâ€¦ https://t.co/sRSFsoEc25
356730188,0,Man collapses and dies at Creamfields dance music festival: Formal identification has yet to take place and p... https://t.co/mhjHBfKwyX
59230158,0,What I'd do to be at CreamfieldsğŸ”«
45022718,0,Little bit gutted am not goin to creamfields now ğŸ‘ğŸ»ğŸ‘ğŸ»
296529115,0,a bloke dies at Creamfields yet they're probably more bothered about someone accusing others of having a piss.. shameful
23302923,0,Gutted I'm not going creamfields ğŸ˜‘
472292742,1,"Went shopping for uni stuff. Bought 3 tops, earrings and an air bed for creamfields ????? Good one"
391959017,1,@Ticketmaster so @Creamfields is next Thursday and my tickets haven't arrived. Also paid for secure post and been told they may not even com
498115148,1,In exactly 68 days I will be waking up @ 4am getting myself ready for @Creamfields !!!!! Round 2 ğŸ˜ˆğŸªğŸº
338262555,0,"Creamfields in a week, no tent, no beer and now I've lost mine and Rosie's ticket #Who'sASpazzyLad"
250825438,0,Who needs to go to creamfields when you've got snapchat??? I've just spent 310 seconds watching @TomZanettiTZ live in bed for free
497399808,1,Gutted bad I'm not goin creamfields tomoz cos of work ğŸ˜©ğŸ˜« suppose I can wait one more day til sundayyyyy
2790556310,0,Anyone selling 2 4 day standard creamfields ticket?
74149069,1,My last show of the European summer 2016 is here! Creamfields it is! https://t.co/wD01I0Q9Aa
481308864,0,anybody at Creamfields who is reading this rather than listening to the music please do not walk on the motorway it is far too dangerous
101533685,1,Making me so excited for @Creamfields this weekend listening to @CapitalOfficial #CapitalThrowback ğŸ™ŒğŸ¼ğŸ‰â˜ºï¸ğŸª
381032705,1,Creamfields tomorrow and I'm completely unprepared lol
255201165,1,This weather making me even more buzzing for creamfields ğŸŒğŸŒˆâ˜ğŸ¾ï¸
485617003,1,"Day 1 of creamfields ""RUINED"
538913075,0,ANYONE selling creamfields tickets ?????
93175949,1,"I can't wait for it too, @SamFeldtMusic  #countdown https://t.co/XzN3AaKyZ5"
27255940,0,DOES ANYONE NEED ON A THURSDAY BUS TO CREAMFIELDS
465936131,0,Gutted I'll no he at Creamfields next week! But Florida will be worth it!ğŸ‘«ğŸ‘ŒğŸ¼
448823678,0,As if someone's already died at #creamfields so bad how much people don't know there limits
296752509,1,Last full week at work before @Creamfields ğŸ™Š @chriskelly717 @seangibsontweet ğŸ‰ğŸ‰
468508667,1,"hahahha can't believe I'm packing for Creamfields, such a last minute decision ğŸ˜‚ğŸ˜­"
59243144,1,Still not prepared for creamfields
341121305,0,Gutted I'm not going Creamfields ğŸ˜“
1244683123,0,"@Creamfields
SUNDAY
@CalvinHarris
@AnnieMac
@DukeDumont
@FriendWithin
@anthonyprobyndj
@tiesto
@HARDWELL
@DonDiablo
https://t.co/m1VGqpUGqk"
419710827,1,"I hope I have my phone for creamfields, surely it doesn't take Lloyds 2 weeks to send me a new one, they took the Â£100 off me quick enough"
224170658,1,Getting excited for creamfields ğŸ¤—ğŸ‰
84889780,0,Couldn't pay me to go Creamfields bet it's fucking grim #EDM
1344070794,0,Selling 2 tickets to Creamfields: 4-day camping Gold tickets! Gold and Silver car parking inc. Selling for less than face value
375719396,1,Can't wait to be back at Creamfields on SaturdayğŸ’ƒğŸ˜ğŸªğŸ’¥ #ThrowbackThursday https://t.co/1frwLAPJkb
580185197,1,Why did I have to work at a Chinese food festival for 3 days just before going creamfields/ on holiday. Currently resemble a small blimp ğŸ˜ª
392262815,0,3 day bronze Creamfields ticket Â£100 Ono â›±
3308709245,1,Buzzin ğŸ’ƒğŸ»ğŸ”ŠğŸ¶ @steele_shereen @Creamfields https://t.co/WoJfGU9HrS
402337855,0,Anyone selling 3 day camping creamfields ticket
144866558,1,Thank You Creamfields!! ğŸ’¥ğŸ’¥ @Creamfields https://t.co/8m5g0xOp6o
167441937,0,"Wish I could sleep man, up in a few hour to spank an md n head to creamfields"
876547267,0,"Fully gutted I'm not coming to creamfields, have the best time @bethany_parkin @danielleknibbs @CharlieBridgess ğŸ’–"
327363738,0,I'd love to go to creamfields or something but I don't think I could hack being covered in mud and dirty for a weekend ğŸ˜·
130151627,1,Tonight. @Creamfields. https://t.co/ZhCy37zroc
415341549,1,Cant wait for this time next week i'll be upside down at creamfields ğŸ™ŒğŸ’ƒ
107160542,0,Jealous of everyone at creamfields ğŸ˜”
19050815,1,Off to @Creamfields today! 7pm on the Jam Packed stage!!!
731949454283182082,0,Creamfields ticket for sale! 4 day standard camping! X
2182183107,1,Actually can't wait for CreamfieldsğŸ˜ğŸ˜
3001388675,0,"Heading to #Creamfields then check out the weather before you go
https://t.co/yJbOsjEsQI #CapitalReports"
1666622629,1,What a day and night yesterday was @Creamfields ğŸ‘ŒâœŒï¸ğŸ™ŒğŸªğŸ‡¬ğŸ‡§ğŸ‡¬ğŸ‡§ğŸ‡¬ğŸ‡§ @dimitrivegas @likemike  smashed it as per! And @marshmellomusic fucking unreal!
389609553,1,Packing for Creamfields is the most stressful thing ğŸ˜©
111028674,0,"Reveller, 26, Dies At Dance Music Festival https://t.co/Zi5ZEOqLWe"
86171641,0,This time next year I will be at @Creamfields regardless of anything. So annoyed at myself for not being able to afford it this year.
887087954,1,"Only thing that's gonna keep me going in work this next week is CreamFields next weekend, bring it on!ğŸˆğŸªğŸ˜"
883127022,1,"I should not have left sorting creamfields out, this lateğŸ˜¶"
29211648,0,"Got to stop looking at creamfields stuff on social media, making me depressed"
267274829,0,Wish I was at Leeds at creamfields right now just raving instead of getting ready for work
702312354,0,Watching @aboveandbeyond's snapchat from Creamfields got me so hype to see them at EDC in a couple months. Bring on the tears!!
729602397094432769,1,"The day is here, half way to Liverpool @Creamfields were coming for you ğŸğŸ’ƒğŸ¼ğŸ‰ğŸªğŸˆ @JazzBaxter93"
4115871676,1,@Creamfields why can't I purchase shuttle bus tickets for Sunday?
454042758,0,so unbelievably gutted I can't go to Creamfields
113378392,0,Seeing KSHMR at Creamfields on snapchat is hitting the depression levels sky high now ó¾Œ¡
329813261,0,"Well, looks like I'm not going creamfields ğŸ™ƒ"
226240323,1,No chance of sleep tonight! #creamfields ğŸ˜¬ğŸ˜
75865834,1,Creamfields day ğŸ‰ğŸˆ
991649816,0,Aw this time last year we was off to creamfieldsğŸ˜© was such an amazing experience
41824527,0,Hope everyone has an amazing  time at @Creamfields this year and @Avicii will smash his last ever show! ğŸ™ŒğŸ¼ #hwg  #EDMSavedmylife #staysafe
359973102,1,So buzzed for creamfields this weekend!
3233662241,0,Man collapses and dies at Creamfields dance music festival https://t.co/k2gQn9m6Av
2940792238,0,Asif I can hear creamfields from my house!  ALL YOU CAN HEAR IS THE BASE OF THE SONGS!! LIKE COME ON PLAY SOME BETTER ONSğŸ˜‚ğŸ˜‚
255059405,0,Still no tickets ahhhh @Ticketmaster @Creamfields
312198340,1,Waiting for my little brother to get in from a house party on a Saturday night is really what I live for :) get me to Creamfields :)
1705358328,0,I should be at creamfields not tucked up in bed at 8.45 ğŸ™„ğŸ™„ğŸ™„
546379318,0,So gutted Eric Prydz and Fatboy Slim are closing down creamfields on different stages at the same time ğŸ˜­ğŸ˜­ğŸ˜­
322013405,1,"Last night was absolutely insane.
Jack Ãœ was the best thing I've ever seen. Thank you @Skrillex @diplo #creamfields https://t.co/9UrDyVT4gT"
391577881,0,Everyone's going creamfields today and I'm going to spoonsğŸ¤”ğŸ™ƒ
29940717,1,Buzzin for creamfields ğŸªğŸ¦„ğŸ˜ˆâ›ºï¸ ğŸº #3daystogo
514782562,0,Absolutely gutted I'm gonna miss @manseofficial at creamfields ğŸ˜©
1445646799,0,8 spaces left on bus to Creamfields if anyone needs transport âœŒğŸ½ï¸
221106970,0,"""I'm sellin me creamfields ticket"" no ya not, give it two weeks and you'll be on the K with Griffo from bootle"
301656366,0,Should be going to creamfields today ğŸ˜­
28415449,1,Wearing nothing nice for creamfields coz can guarantee itll piss down and be covered up with a shit hoody and waterproof anywayğŸ™„#creamfields
40737005,0,Hopes my nephew Callum has a good weekend at creamfields
468262439,1,Creamfields with the main man johnodonno https://t.co/Ot7ahRJvDk
2670526988,1,"We'll be live from both Creamfields and Cocoon In The Park Derry this weekend. Expect photos, videos and live sets a plenty! ğŸ™ŒğŸ™Œ"
83118338,1,After Creamfields i am going back to my normal boring selfğŸ˜‚
3301009253,1,Cant wait to go creamfields... next year
425724034,0,@Creamfields can you watch live sets anywhere else apart from Facebook ??
2782610451,1,@Creamfields anyway i can upgrade 2 day standard to 3 day on short notice? bought from ticket master
97962125,0,Nobody understands how much I want to go to creamfields if anyone wants to gimme a free ticket and a place to stay that'd be awesome thx
242428587,0,"How my brothers been to glasto, boomtown and is going to creamfields and bestival too, so jealousğŸ˜­ğŸ˜©"
2392676220,0,Surely they aren't putting people in X-ray machines at creamfields
251754546,0,"Definitely jealous of everyone at creamfields, but ah well, Benidorm tomorrow âœˆï¸â˜€ï¸ğŸ»"
432780165,1,"Creamfields actually makes me the happiest person ever, my fave time of year !! Buzzing for this weekend hurry up tomorrow ğŸ˜ğŸ˜â¤ï¸"
2893426066,0,why pay to go to creamfields when you can just watch it on snapchat
299676704,0,just seen a creamfields video.... I WANNA GOğŸ˜©ğŸ˜©ğŸ˜©ğŸ˜©
47992409,0,I swear the whole of Warrington can hear creamfields
381609260,1,Creamfields tickets have arrived ğŸ˜
3346505415,0,Wish I was going creamfieldsğŸ˜¢
465557934,1,Guess who's going creamfields on Thursday ğŸ‰ https://t.co/pMwozLQmgV
398821247,0,Danny can't stand up and wash the pots yet he can hobble along to creamfieldsğŸ¤” somethings not right here
498677047,0,PD Duke and his handler have had massive successes patrolling #Creamfields; Duke is off for a well earned day off! https://t.co/thS34tSnic
266750551,0,"If your coming up creamfields today, stay at home"
122396746,1,Still buzzin' âš¡ï¸@KillTheBuzz @Creamfields https://t.co/Fel63V4Kpe
566335671,0,Oi I'm so happy that I'm sat in work while everyone's at creamfields and readingğŸ‘ŒğŸ¼
538082366,0,Anyone selling a Saturday/Sunday standard camping creamfields tickets ? @Creamfields
140923450,1,I just want it to be Saturday already @Creamfields ğŸ˜ˆ
133811144,0,@Creamfields Are Friday day tickets not available??
413057877,0,There's a fucking shock am up this early on me day and I feel very sorry for anyone that's going to Leeds or creamfields in this weather
107139967,0,Getting soo depressed that av decided no to go to creamfields but Ibiza next month is making it bearableğŸ˜©
281744805,0,Sooooo jel of the people already at creamfieldsğŸ˜¿ roll on Saturday ğŸ’ƒğŸ¼ğŸ’ƒğŸ¼ğŸ’ƒğŸ¼ğŸ’ƒğŸ¼
3131060105,0,#TweetmysongEDM 26-year-old dies after collapsing at Creamfields Festival https://t.co/Vr0ak0u6Np #News #Followback https://t.co/VqW6WYaqcD
101713044,0,@Creamfields I have gold camping and have showers include will there be straighteners?
18588272,0,Heavy depressing not going to Creamfields this year. End of an era ğŸ˜¢
382374089,0,Everyone's either at creamfields or the brunch and guess what I'm doing ğŸ˜ŠğŸ˜ŠğŸ˜ŠğŸ˜ŠğŸ˜Š work ğŸ˜ŠğŸ˜ŠğŸ˜ŠğŸ˜ŠğŸ˜Š
810743725,1,Last day of work for a week #creamfields2016 here we go
481405413,0,Guttered I'm not going to creamfields ğŸ’”
713036548418236417,0,Someone get us a creamfields ticket cheap???? Pls x
89263655,1,#creamfields https://t.co/iEj5EetIf7
335922055,0,You can sit on the floor anywhere at creamfields and there's never any bugs ğŸ‘€
129481707,0,"@EE can you sort out the signal at creamfields? Had 4g for two days, now stuck on e signal"
1092461311,1,"Creamfields festival has been incredible!! Epically @Avicii you put on an amazing set tonight, such a shame it's your last UK performance ğŸ˜¢"
310212398,0,good luck to Dan going to Creamfields when I have his passport and his license has been sent off xxxx
336079368,1,Why have I left packing for @Creamfields so late! ğŸ˜©
458349429,0,grim how many ppl die at creamfields
127476717,1,"All roads lead to @Creamfields this Thursday, can't wait to play my debut! :) #Creamfields #Outburst #TechTrance https://t.co/ggbda2sscu"
314133911,0,Could greet tht am no going eh creamfields ğŸ˜­ğŸ˜­ğŸ˜­
1096683956,1,@Disciples @Creamfields awesome #Janeandmartingoraving can't keep still!!
451492194,1,Creamfields preparation in full flow oi oi so buzzed ğŸª
348973357,0,"Happy 18th Angel @MollyMills3 Hope you are having an amazing time celebrating at Creamfields, love u loads ğŸ’ğŸ’ƒğŸ¼ğŸ¾ https://t.co/cAMHwat8dl"
423673617,1,Me waiting to get on the creamfields bus: https://t.co/yKNiGvInnN
159178818,1,Buzzin off my tits for Creamfields now!!
763284492085846016,0,Arghhhhhhhh please choose me ğŸ™‹ğŸ»ğŸ™‹ğŸ»ğŸ™‹ğŸ»ğŸ™‹ğŸ»ğŸ™‹ğŸ»ğŸ™‹ğŸ»ğŸ™‹ğŸ»ğŸ™‹ğŸ»ğŸ˜µ @FubarRadio  https://t.co/RY9GNJzdGv
1609110331,0,fuckin hell practically got a free ticket to creamfields my house is shaking
2376872328,1,Can't wait for 2017 gonna go for the golden year. #tomorrowland #edc #electricforrest #mysteryland #ultra #creamfields #sunburnfestival.....
3400524933,1,5 days till I go to the best music festival and party in the UK ğŸ¶ğŸ‘ŒğŸ‘Š @Creamfields #Creamfields2016 #biggerandbetter https://t.co/pHCzZhGNmk
130634073,0,SO jealous of everyone seeing hardwell at creamfields right now ğŸ˜ªğŸ˜ª #criiiii
428352069,0,Wish I was going to Creamfields with Lor Lors ğŸ˜¢ğŸ˜¢
716731632389124096,1,Ready for @Creamfields to start tomorrow
396836434,0,"Sat watching tv, very jealous hearing creamfields out of the window! Roll on Sunday! #leedsfest"
90468173,0,@Creamfields please let's not have a repeat incident where the police dogs sadly passed away after being left in the van.
1058197272,0,Someone buy my silver 3day camping #Creamfields2016 ticket plsâ˜¹ï¸
451948457,0,Creamfields is a must next year
1860812293,1,Cannot wait to get to @Creamfields tomorrow!!!
549619162,0,@Twickets selling a four day standard creamfields ticket and looking for a @OfficialRandL weekend and early bird ticket â›ºï¸
767306996714438656,0,What are they?  https://t.co/XaYBdtfEfH
972858715,1,"Can't wait for a weekend in this weekend to prepare myself for creamfields next weekend, oosh oosh"
616055185,0,I'm actually sick of seeing wee ratty 17/18 year old go on about creamfields yous are all just sheep! ğŸ˜ 
3138298089,1,Creamfields next week and my funeral will follow it
1911092017,1,Hope my gal has the best time at creamfields @storey_leigh ğŸ˜ˆâ£ have the best time and stay safe. Xxx
163974644,0,I should be at creamfields !!!!!
361374394,1,Can't wait to get to Creamfields &amp; just listen to the best music surrounded by the best people
435063293,1,creamfields in ten days.. I've literally bought fuck all ğŸ˜¹
274480666,1,@TicketmasterUK not received my parking pass for creamfields yet and your hotlineBLING number isn't picking up..!
74571871,1,Can't wait for creamfields this weekend now ğŸ‘ŒğŸ¼ğŸ‘ŒğŸ¼
546291017,1,Makes me very happy to think exactly 1 week from now I'll be waiting in the queue for creamfields! Cannot wait to be back to my fav place!!
554659681,0,Creamfields
351214428,1,not even packed for creamfields yet and i'm at harvester having a meal ğŸ™„
161746421,1,Martin Garrix's set from Tommorowland is unreal! Can't wait to see him at Creamfields!
289049753,1,Doing a split shift before going to creamfields in the morning when all I should be doing is packing... My boss really does hate meğŸ™‚
1112204335,0,Tuesday crew yes! Got back 2 back @TheChainsmokers coming plus gonna tell you how u can join me in the DJ booth @Creamfields #SmirnoffHouse
1362143454,1,Can't wait to have my creamfields family again ğŸ˜©ğŸ˜©ğŸ˜©ğŸ˜©ğŸ˜©
2481068603,0,Wish I was going Creamfields â€¼ï¸
428167354,1,Can't wait to see @MarcKinchen again on Sunday at @Creamfields ğŸ˜†âœŒğŸ¼
306412054,1,"Remarks, night out and Creamfields... I'm gonna be broke after this weekend"
219094421,0,So pissed am not going to creamfields ğŸ˜­ğŸ˜­ğŸ˜­
1735112888,0,Anyone looking for a creamfields ticket?
518626849,0,Kinda gutted I'm not at Creamfields this year
624836939,0,"Can't quite believe I won't be at Creamfields this weekend, absolutely devastatedğŸ˜­"
702968087,0,I should be at creamfields this weekend but where am I? Work. I'm at work all pissing weekend.
3031632979,1,"Looks like I'm going off to war with my camo back pack, nah lads just creamfields"
304340307,0,Creamfields tickets available
493172131,1,En route to @Creamfields wae @DavidGoldie_ ğŸ˜
103910826,1,FRIYAY. @creamfields tomorrow ğŸ™ŒğŸ½ https://t.co/vsFKVbVHaI
486865129,1,Creamfields tomorrow ğŸªğŸ˜
246473783,0,Wish i was going @Creamfields ğŸ˜©
19120191,1,.@Creamfields 2016 ğŸ‰ğŸ‰ğŸ‰ https://t.co/2mS96nyedQ
745363539406229504,0,I hope they're both having an amazing time at @Creamfields @georgina_leighc @JacksonMBlyton #jacksina ğŸ’‘ğŸ‘«ğŸ¶ğŸ‰ğŸ˜»â¤ï¸ https://t.co/xWizdO8X66
363577232,1,Still waiting for my @Creamfields ticket ğŸ™ƒğŸ™ƒğŸ™ƒ
35361160,0,I wish I could've stayed another week in England so I could be at @Creamfields this weekend
414890416,0,Wish I was going to creamfields ğŸ˜­
55811894,1,Last day at work till Wednesday &amp; Creamfields tomorrroooowwww ğŸ’ƒğŸ¼ğŸ‘­ğŸ™ŒğŸ¼ğŸ»
72503952,0,26-year-old man found dead at Creamfields: A Â 26-YEAR-OLD man has been found dead in one ofâ€¦ https://t.co/6KLD3JdzEI https://t.co/EXQkJm27pW
605380940,1,Tunes on and pack for creamfields ğŸğŸğŸğŸ
342992236,1,So excited for Creamfields
358720121,0,there's like 20 people at leeds and then 20 people at creamfields on my snapchat nd I'm sat at home eating a milk tray:///
278212444,1,Fuck noel g creamfields here we come
2801720009,0,Hardwell's our kingâ™• https://t.co/ZCtWUoGQPB /#Ğ½Ğ¾Ğ²Ğ¾ÑÑ‚Ğ¸ #ÑĞ¾Ğ±Ñ‹Ñ‚Ğ¸Ñ #creamfields2016 #dontmissthis
494923318,1,Can't wait for creamfields on Sunday
1517258604,1,9 days off work lots of fun wi the family before a hit @Creamfields Friday wi @parry_007 can't wait  #Tamzy&amp;Parrygolarge
294763861,0,Oh how I wish I was at Creamfields ğŸ˜­
3359916680,0,26-year-old dies after collapsing at Creamfields Festival https://t.co/1UAjb0uxJw
386235195,1,Creamfields ticket finally bought ğŸ™Œ
459529759,0,Anyone got a ticket for creamfields? Money waiting
450038380,1,Creamfields Sunday! Work on Monday! Oh I wish I was messing
2892432250,1,Listen to @tiesto on way to work getting ready for Sunday @Creamfields with @emms0283 #2sleeps #excited #Creamfields2016
2238833045,0,Anyone selling a creamfields 3 or 4 day camping ticket #creamfields
255111688,0,So gutted I'm not going Creamfields this yearğŸ˜­ğŸ˜­
430138326,1,A week before creamfields and we still have no tent. Awesome ğŸ‘ğŸ»
458238412,0,Wish I was going creamfields ğŸ˜ğŸ˜
2980954951,0,Wish I was going... https://t.co/m4wUwYLC9p
85853600,1,"so sick of work at the moment, all I am doing everyday is counting down the days to creamfields ... single figures now ğŸ’ƒğŸ˜"
986332118,1,So excited for creamfields ğŸ˜ğŸ˜ğŸ˜
2250292860,1,Today's the day! #creamfields. We are so excited &amp; looking forward to welcoming all you lovely festival goers #dance https://t.co/G467VZTHfn
712464760,0,Feel proper depressed I'm not at creamfields
92115070,1,Creamfields making work this week so much easier ğŸ˜
990929214,1,Can't wait for creamfields now get me in them fields! ğŸªğŸ•â›ºï¸
3406583440,0,"wow the er end of the train is like party central, full eh cunts onit going to creamfields hahahhaaha wish a was sittin there now"
22434572,1,"Awesome to see 'Crux' being played by @arminvanbuuren at @Creamfields yesterday!!!
https://t.co/nwj3mKyKNI"
268175893,0,Creamfields actually looks too goodğŸ˜©
2496526411,0,Wish a was at creamfields with my team
401328421,0,Wheres my creamfields ticket @?
256614948,1,"Got 12 hours to get everything completely ready for creamfields, eat, sleep and get ready to get the coachğŸ™„"
2511334660,0,Actually hilarious how Emma's had to wait to go food shopping for creamfields until now because she only got paid at 12ğŸ˜­ğŸ˜­ğŸ˜‚ğŸ˜‚
486039042,1,"Swear if I hear ""Will Griggs on fire"" at Creamfields I'm gonna kick someone's shins with my steel toe-capped wellies"
600479702,1,this picture sums up this years creamfields #onmyass https://t.co/aJFVRvP4sJ
112186577,0,https://t.co/D7yd7juGbC BREAKING: Tragedy as man dies at Creamfields Festival sparkingâ€¦ https://t.co/tsidZgzeXc https://t.co/aoN5C2WBbo
224761371,0,Heavy I can hear creamfields in my bedroom
313457390,0,"If people are at creamfields and don't snap about it , then are they really at creamfields ğŸ¤”"
392849320,0,"Georgia has just rang me, waking me up, telling me how excited she is for creamfields. T-minus 2 hours"
734641272,1,cant wait for creamfields to be over sick of hearing about the cunt
3352002142,1,@timmytrumpet smashed the set at @Creamfields  was amazing thank you! Never been so up for a set in my life!ğŸ‘ğŸ¼
1694110238,0,@VibeTickets Anybody selling a 2 day camping ticket Saturday-Sunday for creamfields x2??? Rt please
259910399,1,@Creamfields in less than two weeks. 4 days of complete madness &lt;3 Cannot wait #creams #festival #madness
110502836,0,Hawf wish a wis gon creamfields this weekend but weekend be a cracker anywiy. Noel g and Richard Ashcroft fri and Jim n Nicolas wedding sat
507603722,1,"Work done, week off and the countdown to creamfields begins ğŸ‘"
186150705,1,Cannot wait for Creamfields next weekend ğŸ‘ğŸ»ğŸ’ƒğŸ»ğŸ˜
347162333,0,@Creamfields all the shuttle bus tickets from manchester are sold out.  Are there shuttles you can pay for on the day to get back?
175227179,0,Why can't someone like @darrenstylesuk be added on to the creamfields line upğŸ˜©ğŸ˜©
22271387,1,"ONLY 2 SLEEPS UNTIL CREAMFIELDS!

Which of you rascals are camping as well? 

Neeeearly finished putting together... https://t.co/27zlNJYWpP"
831761784,1,Can't wait for sundown to see these cunts https://t.co/8dHxID3JKt
3081901066,0,Like @Indie_Festivals | #RateUsOnTop10sy https://t.co/HFQl7gZ2vj via @top10sy1 #Festivals #FestivalUpdates #Fezzys #Bestival #CreamFields RT
335882917,1,Work done - @Creamfields time for my birthday this weekend. Turning 23 in style!
35069032,0,Please someone buy my Creamfields ticket ğŸ˜­
36505497,0,"everyone can piss off with their creamfields snaps, tweets and status'"
757641075251154944,1,On our way to #Creamfields with an excited bus load of @stjohnambulance  #volunteers ! https://t.co/VyiNOH8KaP
2573512152,0,@Creamfields when's the latest you can buy tickets ??
292373145,0,Can't decide if I'm jealous of people in creamfields or not
66151399,0,Wish i was at creamfields/leeds/reading/anywhere bar my bed
2521981863,0,Why the fuck did I sell my creamfields ticket ğŸ˜©
768022958,1,Had the most amazing time in creamfields gutted to be homeğŸ’” can't wait for next year!!
152922594,1,#Creamfields Essentials! #MoÃ«t #Magnum #GreyGoose #Vodka https://t.co/T25V5eDjxx
1042848715,0,@TicketmasterCS  what is the latest I will receive my creamfields ticket? I'm flying to Liverpool on Tuesday &amp; need it before then
902771365,1,My family would decide to go to Spain when im in creamfieldsğŸ™„
194264942,1,Kinda scared kinda excited for creamfields ğŸ˜
543209074,0,Enjoy work it'll be sound â¤ï¸â¤ï¸ https://t.co/Ua7ZYYkRYI
432836861,0,Stopped for break after picking passengers up from Ayr Railway station and on way to take them to Creamfields... https://t.co/SrfJW9SIfJ
755118600336371712,0,I should be at creamfields having the time of my life. Instead I'm at home alone waiting for X factor. What is lifeğŸ˜©ğŸ˜©ğŸ˜©ğŸ˜©ğŸ˜©ğŸ˜©ğŸ”«ğŸ”«ğŸ”«
2334413195,1,Get work out the way today and it's creamfields time tomorrow ğŸ™ŒğŸ¼ğŸ’ƒğŸ¼ğŸ‰ğŸ‰
4792596329,0,Namaste Creamfields ğŸ™â¤ @ Creamfields https://t.co/fEnuyb9cSG
2261111361,0,Seeing videos of creamfields makes me want to cry ğŸ˜­ğŸ˜­ğŸ˜­ğŸ˜­ğŸ˜­ğŸ˜­ğŸ˜­ğŸ˜­
635680106,0,I refuse to watch my stories on snapchat with everyone at creamfields and readingğŸ˜­
414182612,0,"hink yer heed will be fried at creamfields? try revising for loans and regulations institute of banking exams, no got a bloody scooby ğŸ¤•ğŸ¤•"
495422362,1,Buzzing for creamfieldsğŸ˜¬ minus the driving down and back up again rough as fuck
437748144,1,Not entirely sure if I'm gonna survive creamfields ğŸ¤”
2844991269,1,CANNOT CONTAIN MY EXCITEMENT FOR TOMORROW @AmyFrierx @Creamfields
837403784,1,Creamfields next weekend with the best people ever ğŸªğŸ”ŠğŸ‘¾ğŸ¤˜ğŸ¼
455840780,0,I would honestly rather die than go Creamfields again. Biggest waste of money you will ever spend x
190329361,0,@Creamfields where's my ticket ğŸ˜«
335340444,1,"this time next week i'll be in @Creamfields, what an absolute blinding feelingğŸ‘€ğŸª"
2508397663,1,Wow now I can't sleep ğŸ˜© thinking about where I am going to camp at Creamfields next weekend. This is going to be a long night ğŸ”«
113470577,0,Kind of wish I was at Creamfields ğŸ™
350193619,1,Too excited to see @hannah_wants this weekend at #Creamfields! She was unreal at SWG3
539819886,0,Crying that no one wants to go to creamfields with me ğŸ’”ğŸ’”ğŸ’”
2467515063,0,"Creamfields is essential next year, regret no getting a ticket this yearğŸ˜•ğŸ”Š"
307211661,1,patricktopping your new tune tho pal ğŸ‘€ğŸ™ŒğŸ½ğŸª #creamfields @ Creamfields https://t.co/mh6jYdrCPy
89450933,0,Watching creamfields from a field 8 miles away for the light show whilst camping with family is a new low
626067771,0,When your pals are going to Ibiza tomorrow and you're not ğŸ˜« and you're also missing @Creamfields for the first time 8 years! ğŸ˜« #wounded
943565820,1,I can't wait for a dance in creamfields this time next week ğŸ‘¯ğŸ‰
2787022175,0,Could cry at the fact all my mates are going to creamfields n I'm notğŸ˜­
