424319161,1,3 days till the best weekend of my lifeeeeee ğŸ‘­ğŸ‰ğŸ’ƒğŸ¾â›ºï¸ğŸª @vfestival
1590407312,0,Someone take me to @vfestival please? ğŸ˜­
421240759,1,5 days to go ğŸ‰ğŸ‰ğŸ‰#VFestival
428379530,0,Typical that the three days it's raining is for @vfestival ğŸ˜© https://t.co/s7lH9RX1dA
265973270,1,Girls check out my festival looks for V festival #curvyfashion #vfest new inâ€¦ https://t.co/0TE5PUS9DS
1460658684,1,Can I just see Bieber already ğŸ™ŒğŸ» #Vfestival
2883025096,0,#VFestival #Chelmsford. Trains from Ipswich and Norwich may be busier during the event.... https://t.co/fewmppMkb7
2705977470,0,TRAFFIC UPDATE: Traffic heading for @VFestival is heavy but NO SIGNIFICANT DELAYS - #FollowTheSigns https://t.co/smDWaiLlSb
388820137,0,Will you be attending #VFestival at the weekend? Be sure to keep your memories safe with #BoxStorage! https://t.co/G7ui69QgM6
2308221761,1,"Anyone wants to find us at vfest, look for the flag https://t.co/qc9tHqyeSZ"
546717795,0,#vfest essentials 90% alcohol 10% food #priorities #festival #rain #muddy https://t.co/B3qNYebDJI
418556493,0,Wish I was going @vfestival ğŸ˜¢
894157681,1,apparently joeys coming to vfest with me https://t.co/yXaIhClyA8
4576178495,0,@boltonyears hope weather is ok at @vfestival !!! I got everything crossed for ya hun! Come back â˜€ï¸ please xx
2950753353,1,@vfestival looking forward to this weekend first ever festival aswell
186015082,1,Buzzing for @vfestival this weekend with my girls @KkSchofield @Kirstie_Derham @Laura_Bryony28 ğŸ‘¯ğŸ‘¯
1294493814,1,Vfest we're coming for you ğŸ‘¯ğŸ˜œğŸ» @vfestival @bstimmo08 @mollyinns_ #VFestival
418172525,0,Last few days to get your @vfestival tickets at LESS THAN FACE VALUE! https://t.co/KnY8iqbDSZ https://t.co/XE4ydQGpPY
20189249,1,Almost obsessively checking the weather forecast for @vfestival on Saturday. Not looking so good at the moment :(
275190825,0,@vfestival what time can campers on Friday arrive travelling by car? Is the carpark opening at 10 only for day ticket drivers?
291201414,1,So many things to look forward to this weekğŸ˜… #London #theatre #vfest2016
1622453923,0,It's @vfestival in #Chelmsford this wknd. Look out for our #FestivalPrepared tips to help you stay safe. https://t.co/bXjiLFbcGr
398937733,0,Don't have enough outfits for Vfest ğŸ˜­
1572393505,1,Booking @clubclassevents for @vfestival has just made me even more excited!! ğŸ¹ğŸ‰ğŸªğŸ’ƒğŸ¼ğŸº
475320569,0,Anyone selling any V festival tickets for Sunday?? #vfestival
845797266,1,@vfestival we are 30 mins away from Hylands and hearing there are no spaces left in red camping!! Is this true?!?!
439921535,1,This weather is getting me far too excited for @vfestival ğŸ™ŒğŸ¼ğŸ™ŒğŸ¼ğŸ™ŒğŸ¼
468496175,0,"@vfestival sons just his wristband through yesterday, is this his ticket? As friends saying got email to print ticket he didn't"
484947475,1,Not letting the rain ruin the moodğŸ˜œğŸ˜œ @vfestival
3088925161,1,Can't wait! ğŸªğŸ¤ #VFestival #VFest #V #RedCamp https://t.co/SBSrmkDtjM
51105220,0,"I have 2x VIP tickets to V festival in Chelmsford tomorrow + mini bus there and back. Anyone interested 
#VFestival #vfest #vip #beiber"
47973638,0,"Still mulling over @VFestival? Well worry not, we've made the decision even easier with this ticket giveaway &gt;&gt; https://t.co/TZOIeDhEWc"
407100682,0,"My fave @jess_lelliott has a spare weekend #VFestival ticket, hit her up of you want it!"
27055491,0,this @vfestival app is shit.
418334076,1,It would be funny if me and the boys actually book vfest now
396140234,0,When everyone's got there @vfestival tickets but you and @katietoozex  ://///
487422230,1,"It's @vfestival &amp; we've arrived!! Parking cars, bottle amnesty &amp; our legendary #hair rescue tent for @EndPolioNow https://t.co/tQ2oxmon6U"
97210159,0,Chelmsford - A414 Greenbury Way - Slow moving traffic westbound between Widford roundabout and Margaretting Road. #vfestival
999577292,0,@vfestival what's the traffic problem on M25? Is it going to get worse as we get closer?
113880614,0,The #VFestival is the worst attempt at a music festival in the history of music festivals.
1475370271,1,6 days before #VFestival and I'm full of a cold. It better bloody shift itself soon!
323278597,0,The current weather situation for V Festival weekend ğŸ˜«â›ˆ #V21st https://t.co/Fb3YjkXder
1836056689,0,Wish I was going vfest so I could see justinğŸ˜”
4272411556,1,Buzzing for @vfestival  Friday
458645146,0,Didn't even want to go VFest anyway..
7111412,0,2 PAIRS of tickets for @vfestival left! There are 5 artists in this clip... guess them all + YOU could be a winner! https://t.co/ZtVOlJ7g1L
749220326609870848,1,Can't wait to c what @alexander_olly wears for @vfestival
357292809,0,Actually ain't going at this rate someone did me a ducking camping ticket omg #vfest #vfestival #tickets
3202082945,0,Proper jealous of all these at Vfest
1097872525,0,Latest acts coming to V Festival https://t.co/AfxoplOiO0 @lauramvula @vfestival
146467888,0,#VFestival anyone got a spare Saturday ticket for #HylandsPark
20107329,1,So we made it to @vfestival @ V Fest Weston Park https://t.co/iJK2udV6dv
2941321534,1,As much as I'm buzzing for @vfestival ğŸ’ƒğŸ½ğŸ’ƒğŸ½ results day on Thursday is getting in the wayğŸ˜£
231600120,0,@sarahwilson0102 are you still looking for vfest tickets
897864758,1,"So excited, can't wait for this weekend! ğŸ˜â˜ºï¸ @vfestival https://t.co/xHqUj8vioP"
2183139202,0,Is it going to rain at #VFestival this weekend? Find out here: https://t.co/eEcdoQOL9C https://t.co/pfl57qzRlh
1222777910,1,Cannot wait to see @LethalBizzle this weekend at VfestğŸ˜
141325392,0,Autocab Taxis Offering #FixedFare Taxi's To @vfestival From Shelton Â£40 #Taxi Â£60 #Minibus Call 01782314315 To Book Now @BBCR1 @Weston_Park
73429351,1,I literally cannot wait for this weekend ğŸ¶ğŸ»â˜” #vfestival #vfest #ponchooclock
240837732,0,Phones cracked already ğŸ™ƒ #VFestival
418172525,0,Last few days to get your @vfestival tickets at LESS THAN FACE VALUE! https://t.co/KnY8iqbDSZ https://t.co/XE4ydQGpPY
219026127,0,Hope this rain moves on by tomz #VFestival ğŸŒ¦ğŸŒ¦ğŸŒ¦
248791942,0,@vfestival the rain has stopped ğŸ˜
73435660,0,Can't believe our kids on his way to V fest so jealous have a good time ladâ¤ï¸ #brother #vfest
765131247660175360,0,@vfestival should probably announce @halsey isn't gonna be performing aka the love of my life ğŸ˜­
754350403190489088,0,If you're reporting a crime this weekend at #VFestival then make sure you #DoItOnline @ https://t.co/RbmO0PTQju #moretimetofightcrime ğŸ‘®ğŸ»ğŸš”
416668477,1,I think I'm gunna die at Vfest
764835458870312960,1,Can't wait to watch @vfestival on the weekend. Gutted I can't go. Excited to see @rihanna perform ğŸ¤ğŸ’œ
785096348,1,Warm flat beer in the rain festival time @vfestival
216663466,0,"#VFestival shuttle buses still running
https://t.co/dx30zFev9Q"
1145002232,0,My mum is panicking so bad for Vfest. She needs to chill ğŸ˜‚
164330904,0,"Got a V fest ticket for sale, face value if anyone wants it #Twickets #Vfest #VFestival"
555621382,1,@OceanBeachIbiza: RT @danno_91: Looking forward to see @Blondesound again tomorrow at vfest after seeing him at @Oâ€¦ https://t.co/sf6kz95Lpn
20973889,1,Trying so hard to not fall into holiday mode before I finish work tomorrow evening. Can't stop thinking about #VFestival this weekend. ğŸ™Œ
281060104,0,Anyone selling 2 weekend camping tickets??? (Weston Park) #twickets #vfestival
3663046160,1,Im more worried about how unprepared I am for @vfestival than getting my results thursday
200541130,0,Today: #VFestival; The Last Tycoon gala performance; DNCE gig; They Drink It In The Congo press night...
401002782,0,Need Saturday day tickets for V festival hylands park anyone selling?? #VFestival
95468063,0,"Sleeping bag Â£5 absolute barging, now get me to @vfestival"
1590480210,0,"So happy THE SILENCE was played on @btsport, now @vfestival tomo on #VSTREETSTAGE at 12pm https://t.co/kM32kxKk3c https://t.co/3qu16o8eo2"
398084414,1,#vfest âœŒï¸ @ V Festival Weston Park https://t.co/gTjomuTrDM
709795845466660864,1,@justinbieber SO excited about seeing you on Saturday doing what you do best! @vfestival #AllAboutTheMusic ğŸ¤â¤ï¸ https://t.co/QkbkvBSQK4
216871283,0,"Great weather for #VFestival I see.

Enjoy. https://t.co/eVDB3I2yZ1"
2207591077,0,Still got to get so much for VFEST !!!!
35724618,0,Thereâ€™s a locker facility at @VFestPolice or purchase in advance https://t.co/CsZtMrTy3z #VFestival #V21st https://t.co/AVUYV24Gck
751873976,1,So excited for VFestival now ğŸ˜ @vfestival
736307048044978176,0,Wish I was going to the V festival ughhhh #VFestival https://t.co/5JOwXiN4Fr
732932524914151424,1,"My @vfestival tickets came today, so excited #4daysğŸ‰ğŸ‰"
36671601,0,@vfestival how often are the buses from Chelmsford station to V? #Chelmsford #VFestival
183130313,0,"Not much @vfestival traffic at the moment, just slight delays on A5 outside @Weston_Park and A41 from #M54 https://t.co/mRRJmgpyUw"
2826213301,1,.@vfestival we are coming for you bish! ğŸ’…ğŸ»ğŸ¦„ #vfest cc @Glynif @Skirmy https://t.co/9YR4WFyrqu
1018276938,0,Wish I was going vfest with the girls they're going to have such a good weekendğŸ˜†ğŸ˜…
1643012856,0,"Feel well sorry for my sister going to @vfestival in this weather, like this all weekend as well ahah"
2535327599,1,Time to get my shit together after Vfest I thinkğŸ¤”
21441280,1,"@PoppyDeyes you inspired my #VFestival look this weekend! Inside out plaits, lots of glitter, glitter paint and yellow rain coat! X"
1662894194,0,Selling a non camping weekend ticket for #VFestival #Chelmsford #HylandsPark
287241251,1,They're finally here! ğŸ˜ğŸªğŸ¶ #vfestival #wristbands #tickets #campingâ€¦ https://t.co/z7cK5RUrEV
617829656,1,My @vfestival ticket better come today !!!
299850108,1,"So all my girls are getting ready for Vfest and I'm just here waiting for my ice bath, wanna trade ğŸ˜¢"
309607440,1,My only day off this week so I'm gonna everything ready for @vfestival ğŸ™‹ğŸ¼ğŸ’ƒğŸ¼ğŸ‰
353065578,1,This nice weather mean one thing. Gonna be raining @vfestival lucky it don't matter. Love all sorts of weather at a festival
551386650,1,Buzzing to have passed first semester of second year with a 1st! Having the uni girls in Wales for a few days now before Vfest on friday ğŸ˜
196663839,0,Anyone after 1 red camp weekend @vfestival ticket! Unfortunately I can no Longer go! #vfestâ€¦ https://t.co/Ytxmypqcwn
917615058,1,@vfestival being 3 days away is the only thing getting me through waiting for my results
1516985617,1,@CapitalOfficial on our way to vfest set off at 9 got lost 3 times already and only at Leeds now @caitlindonald_ @MeaganHorsewood ğŸ˜‚ğŸ˜‚
482826842,1,I just want it not to rain at Vfest so badly but it's predicted too ğŸ˜©ğŸ˜© why
3368026131,0,"Anyone selling 2 Saturday v festival tickets at Hylands, Chelmsford? #vfest #hylandspark #Chelmsford #VFestival"
389039209,1,Wristband has arrived #vfest
387228083,1,Cannot wait for #VFestival on Sunday! @rihanna @davidguetta @LittleMix AHHH so excited!! https://t.co/sLrkpb75oj
174460292,1,"Craig David, Rihanna, Sia, Justin Bieber, Years n Years &amp; David Guetta.
Me ready for you!!!! @vfestival"
2759598867,1,@TicketmasterCS im slightly worried its 4 days before #Vfestival and ive not recieved my tickets and i leave friday morning?!
386709451,1,so excited for @vfestival #HylandsPark ğŸ¤˜ğŸ¼â˜€ï¸ğŸ‘¯â›ºï¸ğŸ•ğŸ€ğŸ‰ğŸŠâ˜®
500959113,1,Finally I can stop stressing and start getting excited about vfest
624244884,0,Anyone selling v festival red camp tickets at hyland park??? #VFestival
1151519030,1,So buzzin for Vfest nowğŸ‰ğŸ»ğŸ¹ğŸµ
259026913,1,On route to Chelmsford @vfestival #pumped https://t.co/0NS8fumndK
715926150,1,@vfestival SO EXCITED !!!!!!
577137497,0,"Are you travelling to @vfestival?
â€¢ Check Your Vehicle
â€¢ Plan Your Route
â€¢ Only Pack What You Need https://t.co/8WZS2iRJhB"
224735594,0,so jealous of everyone who's seeing Justin at vfest
106095696,1,Me and @DeanHillman ready for @vfestival #MaxAndPaddy #MagnetAndSteel @peterkay_co_uk @PaddyMcGuinness https://t.co/P5RV3hgosg
1534568262,1,"@TicketmasterUK I've purchased vfest weekend parking, order confirmation says 20-21 Aug but vfest weekend festival tickets are from 19-22"
715124802,0,Don't wait for that perfect moment.  Take that moment and make it perfect.   Oh..yeah...and Monday's gone.  Roll on V festival. ğŸºğŸºğŸºğŸºğŸºğŸºğŸºğŸº
875488080,1,So @vfestival is tomorrow and we can't wait! Get all the info you need in our festival guide https://t.co/LMIdnhXaC6
388111914,0,A great decision was made not going to vfest I think ğŸŒ§
2919493431,0,"If you're paying over 200 quid to see bieber and rihanna, you deserve to get rained on #vfest"
226766669,1,Legit just won 2 VIP tickets for @vfestival on the radio.... SEE YOU ON SUNDAY BIEBS ğŸ˜
574280140,0,Looking for two day tickets for sat hylands park anyone selling #VFestival
378452127,1,Can't wait for @vfestival this Saturday ğŸ˜ŒğŸªğŸ¤ğŸ˜…
137327972,0,@mahiki  #MetroMahikiV @Metro_Showbiz #Cheers #VFestival
466711571,1,Wristband has FINALLY arrived! @vfestival here we come @Vicki_Cummins ğŸ’¥ https://t.co/VrXd9ra0LM
47158442,1,so buzzing for the weekend @MollyJinks6 @ZacWoodcock @15Wardy @Jack_Joines @rach_brookes #VFest ğŸ’ƒğŸ¼ğŸ»ğŸ‰â¤ï¸
988873620,0,anybody selling a Sunday v festival ticket #vfest #sundaytickets (tbh I'm sorry for hash tagging)
91419976,1,Almost done packing for @vfestival !!! ğŸ˜ğŸ˜ I can't contain my excitement I can't believe how many artist I love I'm gonna finally see liveâ¤ï¸ğŸ˜­
2200096837,0,Regret not going to vfest now ğŸ’” hope everyone has a good time
351941121,0,"** FOR SALE ** 

Vfest weekend ticket inc camping. Â£120 ono!  Bought it for Â£200ğŸ˜‘  dm me if interestedğŸ‘ğŸ¼"
992724510,0,@vfestival still dont have my ticket ğŸ˜­
461532024,0,@vfestival do you have a list of food vendors? Low fat preferably
88212137,0,Gutted to be missing @vfestival for the first time in 3 years ğŸ˜
3006692849,1,Vfest is this weekâ›ºï¸ excited afâ€¼ï¸
447103386,1,Getting so exited for @vfestival now ğŸ’ƒğŸ½ just need to get my food sorted ğŸğŸŒğŸŸğŸ•ğŸ©ğŸ¿
634738369,0,Wish I was going to VFest this weekend ğŸ˜£
375585258,0,This weekend is @vfestival and I am not there again ğŸ˜”
611813084,1,Just ordered such a pretty dress from @boohoo for @vfestival this weekend ğŸ˜âœ¨
1689692467,0,so jealous of everyone going to vfestğŸ˜©
720607758140239874,1,@lilyanntownley6 @lucyjonesmusic @ffionthomas99 can't wait for VFest on Friday ğŸ˜
183244783,1,Seeing @LittleMix on sunday!! ğŸ˜€ğŸ˜ğŸ‘ŒBe worth the wait I'm sure!! @vfestival ğŸµğŸ¶ğŸºâ˜€ ğŸŠğŸ‘¯#favs
174958530,0,Selling SIX #VFestival Sunday passes  - get in touch! #tickets #music #Rihanna
224669060,0,Please note that as part of our plan to keep traffic moving for #vfestival &amp; ensure road users safety we have clsd the #M6 n/b exit at J12.
266800761,1,@TicketmasterUK I'm getting a bit concerned that I haven't received my @vfestival wristband/ticket yet ğŸ˜±ğŸ˜± please advise??
277615149,1,Can't wait to cover myself in glitter this weekend!!!âœ¨ #vfest
1565218585,0,Selling @vfestival tickets at ticket price or nearest offer if anyone is interested. Pls retweet if you know of anyone who might want some!
1006514828,0,Not long till @vfestival nowğŸ˜ğŸ˜ğŸ˜
29214079,1,Cannot wait to be back here this weekend! #bastille #JustinBieber #VFestival ğŸ™ŒğŸ»ğŸŒ¸ https://t.co/n1FMqX7Ocx
26323139,1,CANNOT WAIT to see @iamjojo next weekend at @vfestival ğŸ™ŒğŸ¼ https://t.co/k4o2mCKaz1
394311268,1,Can't wait to get wrecked all weekend #vfest ğŸ’ƒğŸ»ğŸ™‹ğŸ»
333023102,1,Keep hearing this and its getting me sooooooo excited for Vfest ó¾Œ§ó¾Œ§ó¾Œ§ #4Sleeps ó¾Œ³ó¾Œ³ó¾Œ³ â€” listening to Cold Water - Justin Bieber
57083495,1,"Got my best friend @sophietaylorrr back after a year and now en route to #VFestival with @TomIreland7, best day ğŸ’ƒğŸ‰"
1419067574,1,When you're on your way to Vfest in Wolverhampton but the bus driver takes you to London..
495187557,0,@vfestival tomorrow are we still ok to use the car parks at Weston and pay on arrival?
449210377,1,Flying to London today to prep for the #vfestival ! #justinbieber #purposetour https://t.co/X6SfEykFFf
3301420157,0,.@MirrorCeleb recommends the PNY Powerpack T2600 for this weekend's @vfestival ! https://t.co/dOKLExQ8aG
2575558042,0,"Radio 1 is the only thing getting us through this traffic, get me a shot #VFestival"
92504093,0,Who is ready for #VFestival this weekend? #weare #smartturnout #takesyouplaces https://t.co/YNADi3NSkA
409501984,1,Had such an amazing day. So much more celebrations to look toward to #VFest #JEMFEST 2ï¸âƒ£1ï¸âƒ£ğŸ¾ğŸ’œğŸğŸ·ğŸ’…ğŸ‘—ğŸ’„â˜€ï¸
127531211,0,"One #vfestival Chelmsford Yellow Camp Weekend Ticket for sale, message if interested. #vfestivaltickets"
2553124755,1,On route Vfest n first thing ash says is 'wonder if there's any poke stops' ğŸ˜‚ğŸ˜‚ğŸ˜‚ @ashwillettsx
1696657226,1,V festival tomorrow! Slightly excited even though it's gonna rain! Need to dig those wellies out.. Buzzing for #stormzy #vfest#beiber#drinks
2938283009,0,"It's #Vfest nearby this weekend, meaning traffic may be quite heavy locally! Avoid congestion and work productively with us today!! #Regus"
48447818,0,Really wish I was going to  #VFestival on Sunday ğŸ˜¢ğŸ’”
37952594,1,@vfestival Why is entry at Weston taking so long? Waited 2 hours so far and only half way!!!! https://t.co/pXudTiwty4
302550664,0,"selling a red camp v fest ticket, dm if interested #VFest #VFestival #vfesttickets"
223195660,1,After an epic but fucking exhausting long weekend at #edfringe16 am finally on route to Surrey for a few days b4 @vfestival on Friday
415656201,0,"V Festival ticket for sale, Weston Park, Weekend camping, Â£150!! Message me if you're interestedğŸ‰ 
#VFestival #VFestival2016 #vfest"
200795945,1,Five days to go til @vfestival ! Who's excited?
1511520415,1,So excited to see biebs @vfestival this weekend ğŸ˜ğŸ˜ğŸ˜
1039291417,1,can't wait to be at V with the girls now that I've finally got my ticketğŸ•ğŸ¹ğŸ‘¯  @vfestival
92516181,1,getting excited for vfest nowğŸ™Š
29473125,1,.@vfestival already been waiting an age Move about 3ft every 5 mins in the rain :( regulars say not like this before https://t.co/14KsyN8nmH
1047598021,0,So gutted I've sold my Vfest ticket now ğŸ˜©
434434567,0,Still have a V Fest Sunday ticket for sale #VFestival #vfest #selling #forsale #tickets #TicketsForSale
1202537004,0,there's no way in hell i'd be happy going to vfest and camping in this ğŸ˜‚ glad i'm too poor for it and at home
1538657544,1,Literally been waiting on @vfestival all summer and it's nearly hereğŸ˜
601791803,1,So excited to see JB and Rihanna this weekend!!!!ğŸ˜©ğŸ˜» @vfestival
35724618,0,Thereâ€™s a locker facility at @VFestPolice or purchase in advance https://t.co/CsZtMrTy3z #VFestival #V21st https://t.co/AVUYV24Gck
89049926,1,Buzzing to see @AnnieMac from @1Xtra @BBCR1 at @vfestival tonight! Shout out to Scott Matthews &amp; Craig Matthews ğŸ˜ğŸ˜ https://t.co/a8M7dznCam
1451155698,0,"V fest , don't wear a vest , put on a rain Mac and look your best. #VFestival ğŸš£ğŸ»"
105241403,1,Why has my mum and dad just brought tickets for fucking vfestğŸ™ƒğŸ™ƒğŸ™ƒ
1643798131,0,Anyone selling a red camp v festival ticket ? #VFestival
141325392,0,Autocab Taxis Offering #FixedFare Taxi's To @vfestival From Shelton Â£40 #Taxi Â£60 #Minibus Call 01782314315 To Book Now @BBCR1 @Weston_Park
441885292,0,Anyone selling or know someone selling Saturday only v tickets? @vfestival
1876813718,1,@vfestival #travis #properband @ The Virgin Media Stage @ V Festival Chelmsford https://t.co/iN81vUR0cA
183130313,0,"Not much @vfestival traffic at the moment, just slight delays on A5 outside @Weston_Park and A41 from #M54 https://t.co/mRRJmgpyUw"
397422463,0,Vfest weekend ticket for sale https://t.co/xmgtnKrYCX
20664471,0,"Loads of people are excited for @rihanna at #VFestival
https://t.co/yFPyoEOP1u"
445397103,1,So bloody excited for @vfestival this weekendğŸ‰â›ºï¸ğŸ¤ğŸ»
2185064673,1,Can't wait for @vfestival  ğŸ¤˜ğŸ¼ğŸ¤˜ğŸ¼
954529206,0,I would sell my soul to anyone who can get me a ticket to see @example at @vfestival as its my last ever gig after 12years
929789258,0,"V fest ticket for sale Â£160, weekend non camping. Message me if interested #VFestival #vfesttickets #vfest2016"
446296967,1,I'm so unprepared for vfestğŸ˜‚ğŸ˜©
2653464298,1,Literally can't contain my excitement for @vfestival!!! Can't believe it's less than a month ğŸ‘¯ğŸ‰
74247720,0,@vfestival how can you make me pay Â£10 and it still has Halsey instead of @Stormzy1 on it? ğŸ™„ğŸ™„ https://t.co/HQG5pMQWyr
1438816663,1,@justinbieber CANT WAIT TO SEE YOU! ğŸ™ˆ #Vfestival #Vfest #VFestival2016 #VFest2016 #Chelmsford #HylandsPark #uk
24937362,0,VFEST TICKETS?? Whos selling??? Â£Â£Â£ waiting!!
69321909,0,@vfestival how do I get a day parking ticket?
1707751338,1,V fest tickets(wristbands) so excited now. @vfestival
230127962,0,"My son cant now attend #VFestival #vfest and is looking for a buyer for his #vfesttickets Both days, not camping. Chelmsford-Face value Â£180"
353873614,0,Stoked to be playing V Festivalâ€™s #V21st birthday party! Tickets on sale now ğŸ‘‰ https://t.co/iUXOSZVfRq https://t.co/m2VDvco7Il
2320101069,0,@justinbieber why am I not going to support my one and only this weekendğŸ˜­ #VFestival
510559101,1,Cannot wait for vfest now ğŸ‰ğŸ’ƒğŸ¼ğŸ¾
69598214,1,@vfestival @TicketmasterUK mine and my friends red camping Chelmsford tickets STILL haven't arrived. WHAT THE HELL IS GOING ON ğŸ˜¡ğŸ˜¡
241702863,0,It's ten past 10 and Shannon &amp; Tilly are already drunk ğŸ™„ #vfest
65404986,0,@vfestival on da tour bus with @WilkinsonUK @saundersshannon @AdApt_MC @JemCooke WHERE IS THE SUNSHINE!? https://t.co/fBwAftHPRO
32184233,0,Not jel of the people going Vfest in this delightful weather ğŸ˜‘ğŸŒ§â˜”ï¸
527746857,0,Red camping weekend ticket at hyland park for sale #vfest #VFestival #vfest2016 #festival #camping #red @HotUKFestivals @webuyanytickets
3179644832,0,I WISH I WAS AT V ğŸ˜­ @vfestival
24695068,1,If the weather is this good at @vfestival this wkd I will be buzzin. ğŸ˜ğŸ˜
290319231,0,"X1 V FEST, HYLANDS PARK, RED CAMP, WEEKEND TICKET FOR SALE #VFEST #SALE #TICKET ğŸªğŸ¤"
340225537,0,Soooo jel of Jonny getting last min tickets to vfest! I am officially GUTTED that I have to work all weekend ğŸ˜¥ğŸ˜¥ğŸªğŸ¶
18213550,0,Hi @Travis we're #WritingtoReachYou about traffic management in Chelmsford for #VFestival. Please spread the word https://t.co/rnAlr6Xo0c
54888805,1,4 more days in work then @vfestival Can not wait ğŸ˜ğŸ˜
2372021147,1,Wristbands have arrived âœ…                                  Decided what to wear âœ… 4 days to go ğŸ˜±ğŸ¶ğŸ‰ #VFestival #V21st #VFestival2016
23838045,0,Have #VFestival camping tickets at Chelmsford for sale. Daughter poorly in hospital so can't make it. Anyone interested?
2653464298,1,Literally can't contain my excitement for @vfestival!!! Can't believe it's less than a month ğŸ‘¯ğŸ‰
278160805,0,someone who's already at #VFestival Weston park can u tweet ur lanyard so I can see the timings ğŸ˜‚
1103168892,0,Anyone still not got their fucking tickets for @vfestival
1071575814,1,Can't contain my excitement to see DJ EZ at @vfestival 4 more days!!ğŸ¤˜ğŸ»ğŸ”ŠğŸªğŸğŸŒ
281216837,0,En route home from an amazing weekend at @boardmasters just gutted didn't get to see @CraigDavid ğŸ˜­ hopefully at @vfestival though! ğŸ’™
500582014,1,Does anyone know if you Can take a gas stove to V  #VFestival  #RedCamp #Exciting!!!!
1061089068,0,sad I'm not going to Vfest this year
603784140,0,Why does it have to rain in time for VFest??
26046571,1,Getting excited for #VFestival noooow https://t.co/TftZoprhJ7
346027227,1,@vfestival tickets finally arrived ğŸ™ğŸ» leggoooo
216663466,0,"#VFestival shuttle buses still running
https://t.co/dx30zFev9Q"
993296329,0,Hey #vfest #campers we bet you wish you had one of these tents. #RenewableEnergy #solarpower #glamping https://t.co/M4Gh1m1V9G
547631537,1,Oi oi hello Sigala ! #VFestival @ Vfestival Highlands Park Chelmsford https://t.co/tRl82Trq9L
3069892967,1,Sooooo VFEST have upgraded our tickets to VIP for my 21st YAAAAAASSSSS ğŸ¾ğŸğŸ‰ğŸ‘­ğŸ‘­2ï¸âƒ£1ï¸âƒ£ğŸ’•ğŸ»  @vfestival #vfest #21 #birthday #partyyyy
500041621,0,Anyone selling 2 Vfestival daytime tickets on Saturday at Weston park!? #VFestival  #WestonPark #vfest
228515589,0,"I still have a ticket for V festival this Sunday Â£70 

#vfestival https://t.co/WYucNeAqvj"
732876755539795970,0,"Look at this on eBay  https://t.co/Br9hcfBh6p

Packing for @vfestival ? Still time to sneak your booze in!"
2813291814,0,Going to @vfestival this weekend? Get prepared by tuning into @phoenixfm from 6pm for a V Themed Show &amp; If you're not going? Tune in anyway!
2161601553,0,I'd do anything to be a Vfest this weekend ğŸ˜­ğŸ˜­ get me on a flight home âœˆï¸âœˆï¸
464012472,1,So excited to get better and go to @vfestival this weekendğŸ’ƒğŸ»ğŸ¹ğŸª
2425384040,0,"#Repost @graceyhart4
ãƒ»ãƒ»ãƒ»
The gorgeous @chantellehagan8 #vfest ready ğŸª ğŸ’– 
@_glitter_eyesâ€¦ https://t.co/ObSXIqjR59"
593560486,0,Who's ready to dance like this at @vfestival https://t.co/l5zAZuAgGK #packinglist #vfest #VFestival2016 #dance https://t.co/PWBKxQJO58
1157070804,1,4 DAYS AND STILL UNSURE OF WHAT I WANT TO WEARğŸ™‚ğŸ˜­ #VFestival
618218617,1,Rihanna's videos on Instagram just get me soooooo excited omg ğŸ˜» #VFestival
33232106,1,at @vfestival waiting for you @joejonas @justinbieber ğŸ˜ğŸ˜ğŸ˜
149234219,0,Nahh why is @vfestival being broadcastedğŸ˜­kinda defeats the point of buyin Â£200 tickets when you can watch it at home?Still gonna be lit thoğŸ”¥
221475263,1,Why have some people put a tent right by our door like excuse me we'd like to exit our tent without falling on yours! #VFestival
453351595,1,@vfestival are we meant to have wristbands and tickets or just tickets because some people have both and we only have tickets!!!
349622244,1,Cannot wait for Friday ğŸªğŸ‘­ğŸ‰ğŸ’œ @vfestival
2863910656,0,"Justin is currently performing ""Company"" at V-Festival #VFestival"
20585402,0,"She is ready for a wet #VFestival #V21st
with a Teenage Cancer Trust #rain #poncho
#FriYAY #charities #marketing... https://t.co/WcDeca7Pvo"
59877178,0,Bieb better not be having a breakdown the week before #VFestival
3084181684,1,The arrivals at @vfestival this morning!! #V21st #Vfestival @Weston_Park @ShropshireStar https://t.co/ZxcBtUAifZ
3874435348,1,Cannot contain my excitement for V FEST ğŸ˜âœŒğŸ»ï¸ #VFestival
939586849,0,Wish i was going to #vfest2016
29690129,1,"V Fest, you ready? I'm coming for ya! https://t.co/DH4UKbZncm"
463608262,0,Anyone selling 2 Saturday v tickets? #VFestival #belieber
468419656,0,"Not going to #VFest?  #readingfestival instead? Check out our  'proper' review and PL

HERE: https://t.co/CK2LEf1XaS https://t.co/JiRaXqhGwD"
976632835,1,The day has finally arrived for the trip to @vfestival so excited @nye_bowen @ceribowen16
337061552,0,One red camping ticket for v festival hylands park for sale !! #VFestival #vfesttickets #vfest2016
79422539,1,Can't explain how excited I am to be reunited with JB on Sunday ğŸ˜â¤ï¸ #vfestival
200647829,1,Super long weekend for #Vfest!!ğŸ’ƒğŸ¾ğŸ» #buzzing @emBISSEX @KateHitchens &amp; Mems lol ğŸªğŸ­ğŸ‘¯ğŸ¾
1209099812,1,I'm so excited for my Sunday @vfestival outfit! I tried it on today and it looks so cool... If I do say so myself! ğŸ˜‚
3039261652,0,Heading to @vfestival this weekend? Amazing #lineup #excited ğŸ™Œ https://t.co/k8eFXeRRRI
799850467,1,can't wait for Vfest!!!!
224664460,0,Please note that as part of our plan to keep traffic moving for #vfestival &amp; ensure road users safety we have clsd the #M6 n/b exit at J12.
2821509586,1,Cant wait for @vfestival this weekend! @Sia #favouriteartist #VFestival
917324035,1,So excited for @DNCE on Friday &amp; @vfestival on Saturday!! ğŸ¤âœ¨ğŸ°ğŸŒŠ
138356198,0,*LAST MINUTE TICKETS* #VFEST Weston Park Sunday tickets still available at FACE VALUE Â£89! Book online or call 01379741106 to book now!
144317617,1,@vfestival hello! I'm coming to see you at Chelmsford this weekend but not camping. Does the site get muddy? Never been!
392830517,1,Packing already âœŒï¸ #vfestival #vfest #3sleeps https://t.co/cOazp2xbsy
446605033,1,I am either gonna cry or pass out on Sunday @justinbieber @vfestival
495912353,1,can't wait for this weekend #VFestival
275921115,0,Selling v fest ticket for Saturday dm #VFestival
89024270,1,@JohnNewmanMusic I'm coming to VFest. Sun 21st. What time will you be on Stage John? I am so excited. Only coming to see and hear you. x
630131935,0,Thanks @TicketmasterIre but I know :D @vfestival ğŸ’•âœˆï¸ğŸ»ğŸ‰
1553305086,1,Can't wait for #VFestival  #JustinBieber  ğŸ’–
292983622,0,2 x V fest tickets for sale. Message for details @vfestival
555818065,1,Can't wait for #VFestival ! Just hope it doesn't rain badlyğŸ˜
19812355,1,@vfestival can not wait for this weekend. Huge lineups each day. Do you have specific times yet as like to plan who to see &amp; don't miss out!
2380163721,0,@vfestival do you have to buy tickets by advance for the shuttle bus from Wolverhampton to weston park at 9pm? please i really need to know
2758705564,1,I am wayyyy too excited to see Justin bieber on sundayğŸ˜@vfestival
26307459,1,SOOOO excited about @vfestival next weekend ğŸ‰ğŸ‰
749188461064781824,0,Make sure you're prepared for @vfestival &amp; purchase your BizBrush! All your #festival needs in one compact unit! https://t.co/RlOCW1NUvc
146206345,1,Anddddd our #VFestival savings tin has a total of Â£64.02  in! Wooo! ğŸ’°ğŸ‰ğŸ’· Buzzing to spend it on Friday ğŸ»ğŸ¹ğŸ¾ @vfestival https://t.co/7MtEmb1xwh
237751022,0,2x VIP V Fest tickets for sale this Saturday 20th August. Bought for Â£175 and selling for Â£130 #VFestival #VFest #VFestTickets
911253079,1,"Tent is now built at vfestival, most likely gonna fly away by tomorrow"
95468063,0,"Sleeping bag Â£5 absolute barging, now get me to @vfestival"
743088865,1,No Vfest wristbands in the post today???  @vfestival @TicketmasterUK @RoyalMail
1278776928,1,On the bus to @VFestival! Seeing all this countryside is reminding me of home
1622453923,0,It's @vfestival in #Chelmsford this wknd. Look out for our #FestivalPrepared tips to help you stay safe. https://t.co/bXjiLFbcGr
24447354,0,My mum and her mate have only now decided they're not going v fest ğŸ˜‚ two weekend tickets for sale #VFestival #tickets #chelmsford
171995743,0,Mum legit nearly had a heart attack when I told her she was gonna see @LittleMix at @vfestival â¤ï¸
597816371,1,I am sooooo buzzing for #VFestival this weekend with maaaa girl ğŸ’ƒğŸ½ğŸ’ƒğŸ½
794859120,1,5 days to go and still haven't received my Vfest tickets! Sort it out @TicketmasterUK ğŸ˜’
3218500727,1,Very Very excited for @justinbieber at @vfestival been a belieber since day oneğŸ™ŠğŸ˜ğŸ’™
761949590014849024,0,Wishing I was at #VFestival ğŸ˜”
188399650,0,"Iâ€™m playing @VFestivalâ€™s #V21st birthday party in 3 weeks!
Last tickets at: https://t.co/C7QKoDBbQS https://t.co/WzO9D0PgiR"
2775350651,1,V Fest cannot not come quick enoughğŸ‰ roll on the weekendğŸ‰ğŸ‰ @vfestival
2881661884,1,"My excitement to be seeing JB, Craig D and RiRi at the weekend is unreal. #VFestival"
2769903172,1,"only 4 days till vfest now, actually buzzing ğŸ‰ğŸª"
417350479,0,"1 V Festival Weston Park NON-CAMPING ticket for sale, BEST OFFER #VFestival #vfest #vfestivaltickets #WestonPark"
705004786484125696,1,3 days til I see my absolute fave @CraigDavid cannot contain my excitement!!! #VFestival
150274574,0,Selling 2 VIP V Festival weekend tickets!! Need to do a quick sale. Price is negotiable. Message me for details ğŸ‘ğŸ» #vfest
22475253,0,It's a damp one at Weston Park today - but thousands have already arrived for #VFestival https://t.co/crUW7WC2JH https://t.co/FDtpBc5fDI
718714328665497601,1,Wellies ready 4 @vfestival ğŸ‰ğŸ‰ğŸ»ğŸ»ğŸ»ğŸˆğŸˆ https://t.co/JCzLVEJv9S
791887842,1,when your at work and mum messages that your @vfestival tickets arrivedğŸ‰ bring on next weekğŸ’¥
1129071960,1,So buzzed for @vfestival tomorrow with @zoefowler_ ğŸ‘¯
852553548,0,"Paid Â£5 for someone to put our tent up, best Â£5 I've ever spent @vfestival"
283534075,1,Too excited for @vfestival this weekendğŸ˜†ğŸ˜
279481440,0,Is anyone selling any Saturday tickets for #VFestival ğŸ˜¶
925823088,0,I'm regretting choosing not to go to VfestğŸ˜¢
194256628,1,So excited to go to @vfestival this weekend! ğŸ’•ğŸ‰ğŸ‰ğŸ‰ğŸ‘¯
44226188,1,No one understands how excited I am to see my wifey Rihanna at @vfestival ğŸ˜ğŸ˜ğŸ˜ğŸ˜ğŸ˜
502266084,1,Slightly gutted I'm not drinking cider in my tent already. Bring on tomorrow #VFestival
703659200191307776,0,Literally gonna miss Vfestival because I haven't got my tickets @TicketmasterCS
106681419,1,Love being stuck in traffic on route to @vfestival #pain
31167182,1,One sleep till VIP @vfestival with @MumsMissions I can't fucking waitğŸª hope @daveberry_tweet will be there with the @CapitalLondon crew
563725391,1,Can't wait to go to V festival for the second year in a row @amelia_hilton @vfestival ğŸŒˆğŸ‘«ğŸ‰ğŸ»
416384163,1,Cannot wait to get wonky this weekend at Vfest ğŸ‘€ğŸ˜ˆ
226196274,0,Gutted me &amp; @jessdeegs are missing out on @vfestival ğŸ’”ğŸ’” have a class time lads @Kingy226 @CrouchyBoy23 @ChazBentley1 @_FrazerH22 @MCayms
525436965,1,@vfestival I NEED HELP! My friend sent the tickets to the wrong address and we're going tomorrow I need new tickets ! How do I get them?
875851998,0,Lashes all ready for VFest âœŒğŸ»ï¸These babies should come with a warning as sooooo addictive ó¾Œ³ https://t.co/R0dIJFTXjm
500196581,0,"One weekend ticket for #VFestival2016 Chelmsford, red camping for sale, Â£180 ONO #vfest #vfestivaltickets #VFestival"
60042878,0,@vfestival A follow back from you would be great :)
413538448,0,Fans left furious after Justin Bieber causes outrage at #VFestival https://t.co/ZWEiQlKOhy https://t.co/k2xGd8X6jT
3229099313,0,Watching some #VFestival before #sleep #VFestival2016
28331865,1,ğŸ˜‰ #selfie #vfest2016 @ V Festival Chelmsford https://t.co/Q5VMlAu4b3
354176392,1,@vfestival is not the same without @ollyofficial @RizzleKicks or @Scouting4Girls #pleasecomenextyear
1921124042,0,@LittleMix backstage with @CapitalFM  @vfestival https://t.co/Br0XM5IXc2
30643681,1,#HeadphoneDisco DJ set at @vfestival last night! Best night ever!! x #VFestival #V21st #Chelmsford https://t.co/NKzGahXQUJ
304406095,0,Wonder how late and how shit Rihanna will be at #VFestival tonight ğŸ˜‚ so glad I didn't waste my time watching her at #sziget
93620468,1,"#vfestival #v21st 

A
M
A
Z
I
N
G

@Sia was outstanding."
3965359288,0,Watching @vfestival and wishing I was with @laurahadleyx an @amsblog #notjealousatall
2976297611,0,Did you catch our hot couples at @vfestival this weekend? @MissGeorgiakx @tommy_mallet p_wicks01â€¦ https://t.co/f2YSNhgmzB
3226314593,0,Why am I not @vfestival ğŸ˜©
765812526798016513,1,#VFestival #VWeston https://t.co/bf7LY1tAEZ
723014980086300673,0,August 21- Photos of Justin performing at #VFestival https://t.co/2rcKwzTCZW
195403760,0,#Vfestival looks sooooo shit ğŸ’© When did music become so bad?! #Whatshappened
91611698,1,Outfit for the V Festival @rihanna #vfest2016 #vfestival2016 #rihannanavy https://t.co/To2JY47wXr
752341872689967104,0,Wish I could go to the #VFestival ğŸ˜” @justinbieber I hope you have another great performanceâ¤â¤ https://t.co/g8HvN9Kg9m
461569408,1,#Vfest #Vfestival #V21st #glitter @ Vfestival Highlands Park Chelmsford https://t.co/oiW5pQHUBY
20435270,0,If you a) couldn't get to @vfestival or b) couldn't get enough of @JakeBugg's set... https://t.co/O3mlhqUduR https://t.co/Gm5n6CBILk
43989328,0,Katy B #VFestival MTV
2224579686,0,Can't believe @justinbieber is just down the road at @vfestival tonight ....
26802114,0,Little mix miming at V festival fucking embarrassing. Showing the world how poor most modern acts are #VFestival
386214590,1,Huge respect to my wife for picking to go see #sugarhillgang over #beiber at @vfestival
21433995,1,Incredible crowd at @vfestival in Stafford today. Thank you all so much for jumping around in the rain with us https://t.co/xmCUN1BPSn
282589971,1,"Just woke up &amp; In front of me, is a guy throwing up, someone pissing against the wall and a guy throwing a can of piss. #V21st"
2186534601,1,v festival #astonmerrygold #marvinhumes #love #loml #jls #vfestival #day1 https://t.co/gDZz7GoyuT
723310709581447168,0,Little Mix performing at VFestival Today #LittleMixVFest https://t.co/8jmuXDesDZ
2174307875,0,thanks to snapchat for letting me be at vfest really appreciate it everyone xxx
764240784983941121,0,is there a channel or a live stream for the #VFestival ?? @vfestival
567273827,1,On the way to @vfestival ğŸ˜ğŸ˜ playing on the V Street Stage at 5.15pm Today at Weston Park!!  x #VFestival #V21st https://t.co/XO6vSp0dpn
1857769554,0,"Watching @LittleMix when they performed at vfest with my mam, they are amaaazingggğŸ˜»ğŸ‘¯"
1259678448,0,Seeing everyone at vfest this year is making me so jealous ğŸ˜­ğŸ˜­
35762475,0,Thanks for coming and chatting to us before your amazing @vfestival set @davidguetta ğŸ™ŒğŸ‰ğŸ’œ #vfestival https://t.co/OsokDwUJKy
297979148,0,Nice of Fran from @TravisBand to pay the crowd a visit. Great show! #VFestival https://t.co/O4KafxScdR
2245406073,1,@DNCE at @vfestival is so good!
723310709581447168,0,Little Mix performing at VFestival Today #LittleMixVFest https://t.co/8jmuXDesDZ
393290112,0,Watching #rickastley performing at #V21st  and singing a mashup with  #wefoundlove is slightly surreal ğŸ¤ğŸ¶
84939658,1,Take me back to last night ğŸ˜© @rihanna #VFestival https://t.co/zQVCPTQthL
4871936519,0,ğŸ“¸ Dziewczyny dzisiaj na backstage'u #VFestival â—ï¸(21.08.16) https://t.co/EQoBacc5rp
1876813718,1,@vfestival #travis #properband @ The Virgin Media Stage @ V Festival Chelmsford https://t.co/iN81vUR0cA
212682331,0,"JUSTIN IS PERFORMING ""hold tight"" AND THIS MEANS SEX. #VFestival  HIS MOVES&gt;&gt;&gt;&gt;&gt;"
189078991,0,I am sooooo loving the @vfestival wish I was there ğŸ˜© next year I'm gonna try ğŸ˜†ğŸ˜ğŸ˜œ xx
1921124042,0,@LittleMix backstage with @CapitalFM  @vfestival https://t.co/Br0XM5IXc2
3171086435,0,M6 Closure J10 - J10A. May have an impact on pick ups &amp; local roads around @VFestival #WesternPark. Follow signs not your sat-nav. #Plan
576488176,0,Big Sean killed it #vfestival
228085554,0,I absolutely adore @alexander_olly I love how flamboyant and energetic he is all of the time ğŸ’œğŸ’™ğŸ’šğŸ’› #VFestival @channel5_tv
20247357,0,Travis are brilliant! #vhylands #travis
164192602,0,#CBB now then to catch up #VFestival
1953784254,0,Traffic:  Two lanes closed on #M6 in Staffordshire due to car fire #VFestival https://t.co/OY1TJhQGFs https://t.co/Xs2FEK0rMO
705736678779047936,0,Purpose Tour Merch has be sold at V-Fest! #Vfestival
332435859,1,Vfest was sooooo sick I just can't cope with the farming so had to come home early awks
410107113,1,Thank you @vfestival what a great weekend of shows with @TomZanettiTZ @kokanedj see you again next year ğŸ‘ŠğŸ¾ğŸ™ŒğŸ¾ https://t.co/2S6nR6r56r
705736678779047936,0,Purpose Tour Merch has be sold at V-Fest! #Vfestival
611827696,1,@vfestival i need to stop making myself sick thinking about the fact im seeing @justinbieber in less than 5 hours
237738141,0,watching vfestival 2016
15096637,0,LIVE - Video: The people right at the front waiting for Sia and @justinbieber @vfestival https://t.co/iii8FLexDT https://t.co/kiz2gfqe58
30185551,1,Thank you for making my life @iamjojo my absolute Queen! I LOVE YOU #VFest https://t.co/qSOZQWMNBD
62508111,1,Brotherrr ğŸ˜âœŒğŸ¼ï¸ #v #vfest #brother @ Vfestival Highlands Park Chelmsford https://t.co/ZQ8HmnGe7g
705736678779047936,0,Purpose Tour Merch has be sold at V-Fest! #Vfestival
20390485,0,Watching @bastilledan at #VFestival makes me want tickets to see them again!
330242171,0,Only 5 followers off 400!! That's climbed quickly!! #999whatsyouremergency #Team999 #EOCmedshift #VFestival
408433419,1,#VFESTIVAL https://t.co/YId4tdmHVR
2182595316,0,why aren't I singing in the crowd to Justin Bieber at @vfestival with @GazGShore ğŸ˜©ğŸ˜©
1937864059,0,"Aiut che belle alajakanakabak gli outfits di Leigh e Jade &gt;&gt;&gt;&gt;&gt;&gt;&gt;&gt;
#VFestival https://t.co/zIwQFK27ER"
155678914,1,@TinieTempah was on fire last night ğŸ”¥ BEST act of the day by far!!! #VFestival #mtvstage #passout https://t.co/UM3dxnvIEo
220938290,0,Caught your @vfestival set on t'box in steamy Dubai @thesisterbliss... Quality x
1430321971,1,Why does it always rain on me #vfestival https://t.co/V8zOo1BllZ
250247670,1,I'm waiting for Rihanna at #VFest and I am soooo upset that I have to go home tomorrow ğŸ˜­ğŸ˜­ğŸ˜­
149656003,1,My review so for of Bieber @vfestival stage production: awesome. Bieber himself - WHAT'S WITH ALL THE MIMING?!?!? ğŸ˜’
302878213,0,#VFestival night 2 https://t.co/V5Ri7qsd4F
40880876,0,The crowd goes crazy for Rick Astley has he breaks into 'Never Going to Give You Up' at @vfestival https://t.co/odysdfU5Qm
217420680,0,Been looking after this one for the weekend while @MikkiMo is at#vfest #westonpark https://t.co/RPQWMkMNoB
767424687848747008,0,"Justin is currently performing ""No Pressure"" at #VFestival in Staffordshire, United Kingdom"
743405467,0,All I'm buzzing for right now is seeing Rihanna on everyone's snap stories at vfest
65699314,1,@faithless absolutely amazing @vfestival last night. Best of the day by far https://t.co/TOxTzSdw5k
623254889,0,Justin's turning #VFestival into Purpose Tour again ğŸ”¥
60387908,1,#VFestival #JustinBieber ğŸ‘¬ https://t.co/T6UFcW2DRC
2635868026,1,Bad dreams. #Vfestival https://t.co/IZRxOTSwQp
3229099313,0,Watching some #VFestival before #sleep #VFestival2016
767424687848747008,0,"Justin is currently performing ""No Pressure"" at #VFestival in Staffordshire, United Kingdom"
187233239,0,Wish I was at Vfest ğŸ˜©ğŸ˜©
486906771,1,"Foxes is so good, what a babe #VFestival"
43544241,0,Aw yay the beautiful @iamfoxes on @MTVUK stage @vfestival on @channel5_tv she looks &amp; sounds fab as always! ğŸ’—ğŸ¶ğŸ¤ğŸ˜ƒğŸ‘ğŸ»ğŸ˜ŠğŸ™ŒğŸ» #VFest #VFestival
35762475,0,Thanks for coming and chatting to us before your amazing @vfestival set @davidguetta ğŸ™ŒğŸ‰ğŸ’œ #vfestival https://t.co/OsokDwUJKy
743258884287037440,0,". @bastilledan cantando ""Love Yourself"" el dÃ­a de Ayer en @vfestival con amigos. https://t.co/g97UHj6nS2"
2863910656,0,"Justin is currently performing ""Company"" at V-Festival #VFestival"
2270890616,0,Perrie Edwards performing at #VFestival https://t.co/Zdu7KFqScU
381259089,0,"Ugh, I wish I was at #VFest ğŸ˜•"
365946813,1,"Moving on from stage 2 to cover again at the main stage, will be getting busy now - hopefully everyone stays safe. #VFestival"
29078487,0,#VFest @iamfoxes Looks So Good On The Highlight Show ğŸ˜ğŸ˜
723310709581447168,0,Little Mix performing at VFestival Today #LittleMixVFest https://t.co/8jmuXDesDZ
3884864195,0,Justin is now performing Company #VFestival
731885826456621056,0,"@SHRstyling I saw you at @vfestival yesterday, loved your mermaid inspired look! Hope you had fun! ğŸ’™"
1192669820,0,".@rickastley pics now in from @vfestival by @JRicketts_Star
See @JHarris_Star's review here:
https://t.co/AgPtwyXS6I https://t.co/mKu8ZSjiIn"
3884864195,0,Justin is now performing Company #VFestival
2725435108,0,Justin's talking on Capital! #VFestival https://t.co/iHIZsji4T2
22527828,1,@justinbieber no excuse to mime at VFestival. What a disappointment
2185197094,0,@GazGShore loving ur snapchats of jb at vfest ...next career move with ur singing ğŸ˜‚ğŸ’ƒğŸ¶#VFestival
37509937,1,"Sometimes I get a day off... VFest yday âœŒğŸ¼ï¸ 
#videographer #photographer #cinematographyâ€¦ https://t.co/8xL6sVLRFk"
108014503,1,Saw my idol @margaretslie perform at @vfestival yesterday. It was magical! I reckon you can seeâ€¦ https://t.co/nsZgwxn4ID
1538782256,1,#vfest2016 @ V Festival Hylands Park - Main Stage https://t.co/TRHcFnV843
77020294,1,@vfestival Drunk Selfie ğŸ™ˆ https://t.co/bWBE8sS92K
32124448,1,Loving like with David Guetta at #VFestival https://t.co/Refiybn5Ed
4450964679,1,"#VFestival night 2! Can't wait to see you killin it again! Good luck ğŸ€
You'll make us so fuckin proud! https://t.co/WbtU1e4Q2w"
704635466536976384,1,"They totally owned the VFest Day 2! It was like the GWT ğŸ”¥

#VFestival 
#LittleMixVFest https://t.co/hkh1t7s68o"
1226279952,1,V fest fun #V2016 #campingbuddies #sunshine #summer @ Vfestival Highlands Park Chelmsford https://t.co/0zY6t171Lu
764953581858545669,0,Highlights of this years @vfestival will be available on @MTVUK and @channel5_tv - Was this year the best yet? Watch and listen! #VFestival
1693886077,0,@channel5_tv @vfestival are you actually going to show Justin tonight ffs!!!!!!! ğŸ™‚
238312351,1,The best day @vfestival yesterday! #youngeryears #jessglynne #SIA #glitter #prosecco #wine #pals #hubby ğŸ¾ğŸ™ŠğŸ‘­ğŸŒ¸âœŒï¸ğŸ¤ https://t.co/oSxV869yAu
109330875,1,@troyesivan #VFestival #VWeston @TroyeSivanUpdts https://t.co/xUvbFA6VEI
23664997,1,Get in! #vfestival #v21st @ Vfestival Highlands Park Chelmsford https://t.co/OEKwc6omw0
415675481,0,Vfest snapchats boreeeğŸ˜´ğŸ’¤
312987062,1,Just before I got burnt ğŸ˜© #vfestival https://t.co/JZd6HgT67S
576405598,0,Thatâ€™s a wrap for night 1 of #VFestival! Check @JustinBiebeâ€¦ https://t.co/ldttG2WIFn
43544241,0,Aw yay the beautiful @iamfoxes on @MTVUK stage @vfestival on @channel5_tv she looks &amp; sounds fab as always! ğŸ’—ğŸ¶ğŸ¤ğŸ˜ƒğŸ‘ğŸ»ğŸ˜ŠğŸ™ŒğŸ» #VFest #VFestival
4062160493,0,"#VFestival #LoveWins 
People in 2009: Justin Bieber will be forgotten in a year. 

Seven years later: https://t.co/t5cMKwB9FR"
119076342,1,@samuelwire ğŸ™ŒğŸ¼ğŸ™ŒğŸ¼â¤ï¸ @ Vfestival Highlands Park Chelmsford https://t.co/vP4DsB2LP8
62508111,1,Brotherrr ğŸ˜âœŒğŸ¼ï¸ #v #vfest #brother @ Vfestival Highlands Park Chelmsford https://t.co/ZQ8HmnGe7g
152806631,0,How amazing was @justinbieber last night at #VFestival? Definitely one of our best bits! We are massive beliebers!ğŸ‰ğŸ˜ https://t.co/37An9fZ6uH
767424687848747008,0,"Justin is currently performing ""No Pressure"" at #VFestival in Staffordshire, United Kingdom"
23177683,0,"Anyone else wish Little Mix decided to Lip Synch instead?

#VFestival"
21433995,1,Incredible crowd at @vfestival in Stafford today. Thank you all so much for jumping around in the rain with us https://t.co/xmCUN1BPSn
2188693237,0,queens of VFest #LittleMixVFest https://t.co/FZiqJ9l6pL
2739844841,0,Watching my family @TheXFactor friend @FleurEast on the tele for #VFestival god I'm proud of her xx
293451031,0,Waiting to chat to @zaralarsson after her epic performance at the @MTVUK stage ğŸ¤˜ it was packed out @vfestival https://t.co/puj1aaMnn9
55544745,1,Bastille ğŸ¼ğŸ¼ğŸ¤ğŸ¤ #vfest2016 #chelmsford #Bastille #pompeii #rhythmofthenight #virginmediastage https://t.co/uEAJZXckZY
330311039,1,Bastille are so good! #VFestival
918879602,1,Terrible line-up @vfestival this year but a free ticket made it 21 V festivals for me. #VFestival #21st #beentoeveryone
293451031,0,Waiting to chat to @zaralarsson after her epic performance at the @MTVUK stage ğŸ¤˜ it was packed out @vfestival https://t.co/puj1aaMnn9
15096637,0,LIVE - Video: The people right at the front waiting for Sia and @justinbieber @vfestival https://t.co/iii8FLexDT https://t.co/kiz2gfqe58
778220724,0,Olly from Years and Years and Fleur East both sound and look amazing #VFestival
481308864,0,"If you have family/friends at #VFest there is a closure on the M6 that will delay them getting home please follow @StaffsPolice, @vfestival"
30867711,1,"When you get home from @vfestival 1, shower 2, washing  3, cold beer 4, your chair ready to catch up tv!
#VFestival https://t.co/YsHcHo4g4Q"
20510131,0,@courtneyMgreen told us she's excited to see @rihanna â¤ï¸ #VFestival https://t.co/kHzrBwKhQz
4515914663,0,LIVE: Watch video of absolutely stunning body art and hair styling @vfestival https://t.co/PkQ52GagtA https://t.co/pV1jgpuAuV
104288323,0,Anyone else noticed all the birds posting selfies at #VFestival look like clones of each other.
240002638,0,Watching #VFestival miss it
4122209764,0,Travelling back from vfestival  be aware that #M6 is closed btwn 10 - 10A. Div uses #A5 past #VFestival to #M6 J12. â€¦
387238324,0,so wish i went vfest nowğŸ˜©
414850469,0,"Gutted I'm not at @vfestival in Stafford and seeing @justinbieber 
Top 2 songs in the charts AGAIN! #LetMeLoveYou ğŸ¶"
389410782,1,Thank you for a great weekend @vfestival you rocked âœŒï¸ https://t.co/uw18wsAmqt
612830465,0,that ain't the vfestival no more it's a purpose tour show
1667964679,0,Rihanna looks SO amazing at @vfestival
744528626910109696,0,"Justin is performing ""The feeling"" at #VFestival on UK. (August 21)"
2270890616,0,Perrie Edwards performing at #VFestival https://t.co/Zdu7KFqScU
45702921,0,Just caught Fleur East on #VFestival on @channel5_tv - surprisingly she was performing 'Sax' - bit of a rarity ğŸ™„
3011949039,0,Definitely going to @vfestival next year absolutely gutted I couldn't go this year
18866004,1,Fashion stylist @kyledevolle en route to #vfestival after his pamper at highdefboutiques ğŸ’¥ğŸ’¥ğŸ’¥â€¦ https://t.co/c2vpxK4rCW
202721441,0,"Anyone know what time @vfestival Finishes, they really beginning to piss off the whole of Essex, bar those that are there."
15096637,0,LIVE - Video: The people right at the front waiting for Sia and @justinbieber @vfestival https://t.co/iii8FLexDT https://t.co/kiz2gfqe58
56317541,1,Throwback to #VFestival 5 years ago with @rihanna Excited for tonight with my #PurposeTourâ€¦ https://t.co/7Kn8diCQTr
2842580123,0,LIVE: Watch this video of absolutely stunning body art and hair styling @vfestival https://t.co/A4GxBV8pbt https://t.co/HJhI7SGCoT
28656057,0,I really don't understand why @channel5_tv bothered with #VFestival highlights if you're only going to show everything BUT the headliners.
216827397,1,Sorry not sorry ğŸ˜œ p_wicks01 thanks for the pic ğŸ˜˜ #vfest2016 https://t.co/yLNZA4Cd35
3305570232,0,Who's ready for @justinbieber #VFestival performance https://t.co/YDRuzswDee
1931716525,1,Getting home from #VFestival and a shoutout to @adamhillscomedy @rickastley and #sugarhillgang for absolutely stealing the show!! #epic #fav
3311860988,1,"Kiss it better ğŸ”¥ğŸ”¥ 
Rihanna last night  VFestival
#Chriannaâ€¦ https://t.co/lz9Se1MS9Y"
1615730185,1,#ptltd supplying top line #vip #luxury #loo installations #backstage at #vfestival 2016 #summerâ€¦ https://t.co/P7LDGdNw3w
356870589,1,@vfestival  #backstage #pass #bibibourelly #vfestival #music https://t.co/Z5nFtv8iEQ
829958659,1,#Vfestival #vfest #Vfestival2016 ğŸ’ƒğŸ»ğŸ™‹ğŸ»ğŸ™ŒğŸ»â¤ï¸ https://t.co/i7PYuCu9pe
705736678779047936,0,Purpose Tour Merch has be sold at V-Fest! #Vfestival
15375383,0,Our girls @LittleMix absolutely KILLING IT at @vfestival ğŸ™ŒğŸ’• #V21st #SlayQueens ğŸ‘¸ https://t.co/iqwYEixyja
704689506251841536,1,"#Stormzy x #VFestival ğŸ’ªğŸ½via @staypettyuk 
Catch us @ONSTheShow &amp; yintomyyang_ Tues 9-11pm onâ€¦ https://t.co/GbF5sPP8Cb"
2235038797,0,I wish I could be at #VFestival right now
744088310004486144,1,@LittleMix #VFestival #LittleMix are undoubtably the best on stage performing girl group in history. They are PHENOMENAL. No one can match
574658890,1,"Baes af thoğŸ˜ #peanutkaiser #nathanamzi #kaiserchiefs #vfestival 

#Repost @theamzi withâ€¦ https://t.co/5joelYdyTY"
705736678779047936,0,Purpose Tour Merch has be sold at V-Fest! #Vfestival
2525237072,1,"Justin at #VFestival, I literally can't wait for the real tour in October https://t.co/QFAtYYQli3"
1633131998,1,@yomoxie look how cute you are #VFestival https://t.co/icJDPKLutp
21441280,1,"@PoppyDeyes you inspired my #VFestival look this weekend! Inside out plaits, lots of glitter, glitter paint and yellow rain coat! X"
20510131,0,@courtneyMgreen told us she's excited to see @rihanna â¤ï¸ #VFestival https://t.co/kHzrBwKhQz
483111991,0,#VFest AKA #PurposeTour2.0 https://t.co/RHQxQ66BBj
1900453897,1,"@justinbieber performance live in the @vfestival 
#justinbieber #LoveYourself  #VFestival #live @pattiemallette https://t.co/6xoAR2s4LF"
371668473,0,"Whoever is producing this show for @channel5_tv and @MTVUK 
 NEVER use them again #VFestival"
43544241,0,Aw yay the beautiful @iamfoxes on @MTVUK stage @vfestival on @channel5_tv she looks &amp; sounds fab as always! ğŸ’—ğŸ¶ğŸ¤ğŸ˜ƒğŸ‘ğŸ»ğŸ˜ŠğŸ™ŒğŸ» #VFest #VFestival
744528626910109696,0,"Justin is performing ""The feeling"" at #VFestival on UK. (August 21)"
273599750,1,#vfestival #snapchatfilter #glitter @ Vfestival Highlands Park Chelmsford https://t.co/WZpILNQhJO
3148138756,1,Such a good day yesterday @vfestival with these babes ğŸ’•âœ¨ğŸ¹â˜€ï¸ğŸ¤ https://t.co/NYmB9reFs2
881060246,0,@JordanWeekender snapchat story shows how much @justinbieber connects with his audience mental @vfestival
404861556,1,This one for you babes @vivaems ğŸ˜˜ğŸ˜˜ğŸ˜˜ğŸ˜˜ğŸ˜˜ğŸ˜˜ğŸ’ƒğŸ»ğŸ’ƒğŸ»ğŸ’ƒğŸ»ğŸ’ƒğŸ»ğŸ’ƒğŸ»ğŸ‘¯ğŸ˜˜ğŸ¾ğŸ¾ğŸ’‹ğŸ’‹ @ Vfestivalâ€¦ https://t.co/neZgj8pa7W
616060430,1,Musically Tom Odell was the best act at #VFestival
767424687848747008,0,"Justin is currently performing ""No Pressure"" at #VFestival in Staffordshire, United Kingdom"
327511007,1,"V fest with lil E yesterdayğŸ’– #vfest @ Hylands Park, Chelmsford https://t.co/gWpZLNME1I"
744528626910109696,0,"Justin is performing ""The feeling"" at #VFestival on UK. (August 21)"
297495886,1,Thank u #VFestival #VFest #vfest21 we had the best time @Abbie_Willis3 ğŸ’• https://t.co/RNGM8HPW14
762652700085522432,0,When will @vfestival  realise putting on big so called acts who mime is and has ruined this poxy festival
1011673938,0,Watching @vfestival on @channel5_tv and filled with jealousy of all my friends there this weekend ğŸ’”
180502452,1,Just left #VFestival Big Sean and Little Mix were ğŸ”¥ğŸ”¥ğŸ”¥ğŸ”¥ so pissed I couldn't wait for Rihanna but enroute #SICKABIT ğŸ™ŒğŸ¾ğŸ™ŒğŸ¾ğŸ™ŒğŸ¾
2863910656,0,"Justin is currently performing ""Company"" at V-Festival #VFestival"
767424687848747008,0,"Justin is currently performing ""No Pressure"" at #VFestival in Staffordshire, United Kingdom"
392299613,1,Loving the face glitter! @vfestival #VFestival https://t.co/GGnA0nabxa
17872077,0,These Gals were made to FLY! Thank you @LittleMix for that AMAZING set ğŸ‘ŒğŸ¼ğŸ¤â¤ï¸ #V21st #VFestival https://t.co/JUOav1Aycu
20485206,1,#V21st Back at @vfestival in its birthday year.. #VHylands
950460810,1,Hope we get the rest of Little Mix's performance other than Salute and Hair online to watch! @vfestival pleaseeee! #LittleMixVFest
2436488459,0,Cannot wait for vfest to be over I can't stand seeing the snapchat stories over and over and over again
241838715,1,Sigala #VFestival #vfest #sigala #2016 #mtvstage @ Vfestival Highlands Park Chelmsford https://t.co/yc5SlTC40c
30189017,1,"That's another year of summer boozing over!! @Zoehill26Hill , we need rest our dancing feet!! #VFestival has ruined me once again!"
1097881429,0,Watching @vfestival on @channel5_tv ğŸ¶
24093277,1,Ice screaaaaaam and @danny_rixton â¤ï¸ #VFest https://t.co/VejEN7C8ap
558685711,0,Really wish I would of gone to #VFestival this year!
557036498,1,#vfest2016 https://t.co/j8rNMj8wbv
705736678779047936,0,Purpose Tour Merch has be sold at V-Fest! #Vfestival
52088107,1,"Forget Bieber, yesterday was all about Jojo ğŸ™ŒğŸ» #VFest @ Vfestival Highlands Park Chelmsford https://t.co/k5WtnbKVtw"
78656185,1,I think we've got our fitness covered thanks to #VFest @JordanEggington ğŸ˜‚ https://t.co/uGw19S6vT4
3400177977,0,Would love to pay to go to a festival to watch the main act lip sync ğŸ˜‚ğŸ˜‚ğŸ˜© #vfest
2207926851,1,BEST WEEKEND OF MY LIFE #VFestival #V21st https://t.co/TJAueR2ssk
700463649853480961,0,I wish I was at @vfestival ğŸ˜¢ğŸ˜¢
389958989,1,Literally can't wait to watch @rihanna tonight! So excited ğŸ™ŒğŸ»ğŸ’ƒğŸ»ğŸ’ƒğŸ»#VFestival
55130619,1,""" I'm a star how can I not shine! "" - Kanye West. @VFestival tonight ! https://t.co/RpHsjpkSQi https://t.co/TwMlHuArRt"
177137972,1,Lovely day out in the sunshine yesterday #vfestival 88jojo â˜€ï¸ğŸ‘¯ğŸ˜ @â€¦ https://t.co/AMAueXtdtP
2149877626,0,Hope my bestie enjoys seeing @justinbieber tonight at V Fest without me @MeganNicholsonx ğŸ˜¢ğŸ˜£ğŸ’” #vfestival
17590516,1,My fave set of the weekend from @allsaintsoffic #vfestival @ The Virgin Media Stage @ V Festivalâ€¦ https://t.co/gTzeMKp6g7
16807528,0,Tune in to the MTV channel NOW for all the @vfestival highlights! #vfestival ğŸš¨ğŸ‰ https://t.co/WrqNLIirVh
4125865594,0,"Watching @vfestival on @channel5_tv, playing a wee game of ""Spot the Gurn"" ğŸ˜‚"
109330875,1,@troyesivan #VFestival #VWeston @TroyeSivanUpdts https://t.co/xUvbFA6VEI
546721207,0,@vfestival festival that runs out of drink except larger ğŸ‘ #Chelmsford
256211691,0,wish I was at #VFestival
1288170414,1,Haircut at @vfestival hahahahah ğŸ¾ğŸ‰ğŸ™ˆ #lowsteppa https://t.co/YGe7guETHK
2157619983,0,Omg totally forgot @DNCE was at @vfestival they are good ğŸ˜ğŸ˜ @joejonas
211203546,0,Just had Love Yourself played live from Vfest on the phone and now I realise I should've gone ğŸ˜£
700009004676878337,0,Take Care #VFestival Day2 https://t.co/Ep1tZlHai8
3884864195,0,Justin is now performing Company #VFestival
232932617,1,"@fleureast KILLING IT IN CUSTOM #NBALLOUT ğŸ”¥ğŸ’¥ğŸ”¥
ãƒ»ãƒ»ãƒ»
#FleurEast #VFestival #VFest #VFest21â€¦ https://t.co/D3Aj4bMW86"
454074968,0,Ben ringing me while I'm sat on the loo so I can listen to Rihanna live at VFest ğŸ‘ğŸ»ğŸ‘ğŸ» wish I was there ğŸ˜«
715925471490387968,0,ğŸ“¸ Jade performing at the VFestival today â€¢ 21/08/16 https://t.co/BmY2drU5eV
705736678779047936,0,Purpose Tour Merch has be sold at V-Fest! #Vfestival
290220733,0,wish I went to vfestival this yearâ˜¹ï¸â˜¹ï¸
1227421022,0,"""So me put in work, work, work, work, work, work..."" How to get in with us: https://t.co/oZkZ1RxxeK #V21st https://t.co/Gs21ifotrW"
274709137,0,Watching Vfestival and it looks absolutely turd mind ğŸ™ˆğŸ˜‚
767424687848747008,0,"Justin is currently performing ""No Pressure"" at #VFestival in Staffordshire, United Kingdom"
1858489982,0,So jealous of my brother @vfestival ğŸ˜©ğŸ˜©ğŸ˜©ğŸ˜©ğŸ˜©ğŸ˜©ğŸ˜©ğŸ˜©
700073682727800833,0,@justinbieber looked and sounded amazing at @vfestival yesterday wish I was goingğŸ˜©
3351309857,0,Leigh-Anne oggi al#VFestival con indosso il body della collezione @SamiMiro x @selenagomez ispirata al #RevivalTour! https://t.co/1Zq4Hjzfpk
3676253415,0,Watching #VFestival Love @yearsandyears Olly is looking amazing need to see them again!! :D
109330875,1,@troyesivan #VFestival #VWeston @TroyeSivanUpdts https://t.co/xUvbFA6VEI
192876087,1,Had the best day filmingğŸ¥ dancingğŸ’ƒğŸ» eatingğŸ• &amp; screamingğŸ¤ @vfestival! These two ğŸ˜‚ğŸ™ŒğŸ»ğŸ’– @missAMYELINOR @JordanEggington https://t.co/vryLthohj3
498159618,0,Watching #VFestival is making me exited for #ReadingFestival
16807528,0,Tune in to the MTV channel NOW for all the @vfestival highlights! #vfestival ğŸš¨ğŸ‰ https://t.co/WrqNLIirVh
724688920181649408,1,"Years and years, wow. Olly sounded flat and his backup vocalists didnt help either. The choregraphy saved the performance. #vfestival"
3884864195,0,Justin is now performing Company #VFestival
60963141,1,Me &amp; my cousin turned into giant boobs at @vfestival yesterdaywith @CoppaFeelPeople Remember ladies #checkyourboobs https://t.co/djlShiUlnk
3396782307,1,"#Rihanna in #VFestival #August 20th #2016 in #HylandsHouse , #UK
She is #Incrediblely #Flawlessâ€¦ https://t.co/ylbdTtnGZl"
1876813718,1,@vfestival #travis #properband @ The Virgin Media Stage @ V Festival Chelmsford https://t.co/iN81vUR0cA
3884864195,0,Justin is now performing Company #VFestival
21590057,1,Thank you @GGsTravels for a fabulous weekend ğŸ’—ğŸ’—ğŸ’— #vfestival https://t.co/Fdp0Vjmg5U
622763138,1,Last full dayğŸªğŸ¤ @ Vfestival Highlands Park Chelmsford https://t.co/0hzhO4Xtbn
2212876288,0,When do @vfestival 2017 tickets go on sale??
705736678779047936,0,Purpose Tour Merch has be sold at V-Fest! #Vfestival
1876813718,1,@vfestival #travis #properband @ The Virgin Media Stage @ V Festival Chelmsford https://t.co/iN81vUR0cA
767424687848747008,0,"Justin is currently performing ""No Pressure"" at #VFestival in Staffordshire, United Kingdom"
613367300,0,Jesy's face ğŸ˜ğŸ™ˆğŸ‘‘ @LittleMix @vfestival https://t.co/zw7zLvc4kH
2405879825,1,gonna let my phone charge al be back at 5 to 10 ready for VFest on channel 5 ğŸ˜ Periscoping the girls !ğŸ™ŒğŸ» #LittleMixVFest @LittleMix
109330875,1,@troyesivan #VFestival #VWeston @TroyeSivanUpdts https://t.co/xUvbFA6VEI
24281272,0,EXCL: The truth behind Danny Dyer's five man punch up at #Vfest https://t.co/P6098t4jaX https://t.co/t4MErUNFKS
925734500,0,someone come pick me up n drive me 2 vfest asap
93979939,0,#VFestival presenters on @channel5_tv ğŸ‘ğŸ» music coverage good though #VFest #VFestival2016
2575354359,0,Wish I was at Vfest sooo badğŸ˜­ğŸ˜©ğŸ˜­
1876813718,1,@vfestival #travis #properband @ The Virgin Media Stage @ V Festival Chelmsford https://t.co/iN81vUR0cA
3057180309,0,@JordanWeekender your snapchat has made my night!!! Guttered I'm not at #VFest #bieberfever @justinbieber
42592453,1,Wurkin' âœŒğŸ¼ğŸ’› @ Vfestival Highlands Park Chelmsford https://t.co/agoGlSyutC
109569805,1,Waiting for rhenna #vfestival https://t.co/rw4BAQUVYX
767424687848747008,0,"Justin is currently performing ""No Pressure"" at #VFestival in Staffordshire, United Kingdom"
18072400,0,.@DNCE kicked off the @vfestival &amp; gave fans some not-so-good album news https://t.co/dJ0Q3dUxbL #V21st #VFestival https://t.co/hBVqCTGk1x
2512113765,0,Wishing I was at VFestival ğŸ™„ğŸ˜©
256692582,0,@channel5_tv #vfest coverage is so bad! Playing the same song twice and putting the wrong song name up for years and years ğŸ™„
4040791953,0,Watching #VFestival bringing back some memories of messy times lol ğŸ¤”
542509685,1,ğŸ§ğŸªV festival ğŸªğŸ§ @ Vfestival Highlands Park Chelmsford https://t.co/T9njiKbAke
767424687848747008,0,"Justin is currently performing ""No Pressure"" at #VFestival in Staffordshire, United Kingdom"
404861556,1,This one for you babes @vivaems ğŸ˜˜ğŸ˜˜ğŸ˜˜ğŸ˜˜ğŸ˜˜ğŸ˜˜ğŸ’ƒğŸ»ğŸ’ƒğŸ»ğŸ’ƒğŸ»ğŸ’ƒğŸ»ğŸ’ƒğŸ»ğŸ‘¯ğŸ˜˜ğŸ¾ğŸ¾ğŸ’‹ğŸ’‹ @ Vfestivalâ€¦ https://t.co/neZgj8pa7W
2245406073,1,@DNCE at @vfestival is so good!
3078035140,0,Girls really have burned place with that hot atmosphereğŸ’¥ğŸ’¥ğŸ’•ğŸ’•ğŸ’•ğŸ’•#VFest #day2 #LittleMixVFest @LittleMix https://t.co/lBwHebMxMu
41637714,1,"Loving @BebeRexha , hope she's around for many years to come ğŸ˜ğŸ˜ğŸ‘ğŸ‘ #VFestival xx"
54500855,1,Well camping isn't the life for me buuuut vfest was wild had such a good time!!!
2863910656,0,"Justin is currently performing ""Company"" at V-Festival #VFestival"
137106610,0,Gutted missing #askbex currenly I'm waiting for Sia and Justin Beiber in the Rain @Vfestival !! #nexttime  @bexmader ğŸ’šğŸ’–
31523237,1,@justinbieber bring the sunshine out... Im soaked out here waiting for your assssss ğŸ˜©ğŸ˜© #VFEST #belieber #VFestival2016 ğŸ‘¯ğŸ‘¯â¤ï¸â¤ï¸
758043757396844545,0,highkey wishin I was at vfest ğŸ‘€ğŸ™„
43084080,1,V Festival âœ¨â¤ï¸ w/ these guys âœ¨ğŸ‡¬ğŸ‡§ #Vfestival #sgwexperience #v21st #m1festivals @livenationukâ€¦ https://t.co/b3SfxsGtMX
1642727197,0,"i'm so jealous that josh, marcus, jack, conor and oli got to see justin at vfest https://t.co/rS77f3h5ji"
179882480,1,Pure emotional after John Newman at vfest
27847155,0,Just what we needed @davidguetta #fullvolume @vfestival #waitingfor #rhirhi #v21stâ€¦ https://t.co/qpcUJgXW0j https://t.co/Ov2l3fAoIS
744528626910109696,0,"Justin is performing ""The feeling"" at #VFestival on UK. (August 21)"
43686698,0,Good morning campers @vfestival Stafford! Have you still got a trolley? You can bring it back at the bus stop from 10am-2pm
2863910656,0,"Justin is currently performing ""Company"" at V-Festival #VFestival"
1921124042,0,@LittleMix backstage with @CapitalFM  @vfestival https://t.co/Br0XM5IXc2
398084414,1,#vfest âœŒï¸ @ V Festival Weston Park https://t.co/gTjomuTrDM
2438487716,1,I love you so much @LittleMix seeing you perform at v festival was the best time of my life thank you â¤ï¸â¤ï¸ @LittleMix #VFestival #V21st
3129466941,1,Waiting for Sia and then the one and only Justin Bieber #VWeston #VFestival ğŸ‰ğŸ™ŒğŸ¼ğŸ”¥ Buzzing!
297495886,1,Thank u #VFestival #VFest #vfest21 we had the best time @Abbie_Willis3 ğŸ’• https://t.co/RNGM8HPW14
1192669820,0,".@rickastley pics now in from @vfestival by @JRicketts_Star
See @JHarris_Star's review here:
https://t.co/AgPtwyXS6I https://t.co/mKu8ZSjiIn"
705736678779047936,0,Purpose Tour Merch has be sold at V-Fest! #Vfestival
355696896,0,Justin's on stage and I don't have a livestream to watch #VFestival https://t.co/HlaYQx7Bkx
3248454053,0,Next year I deffo have to go to #VFestival looks soo good
427619699,0,Bring Me The Horizon - True Friends (Official Video) attempting to drown out the noise from #VFestival #livetooclose https://t.co/dpYMdPaYz2
90720257,0,Some wide pupils on Vfest snapchat story
705736678779047936,0,Purpose Tour Merch has be sold at V-Fest! #Vfestival
316734190,1,My bestfriend!ğŸ‘¸ğŸ¼ğŸ‘¸ğŸ½ğŸ’œğŸ’› #vfestival #vfest2016 @ Vfestival Highlands Park Chelmsford https://t.co/lIFqDiQhyE
355696896,0,Justin's on stage and I don't have a livestream to watch #VFestival https://t.co/HlaYQx7Bkx
926149070,0,I wish I was at VfestğŸ˜­ just to see Rihanna and JustinğŸ˜
860343522,0,Love how my old man suddenly becomes interested in music when Little Mix are on the tele #stopandstare #vfest
729259374,0,"biebers getting loads of hate for miming a bit @vfestival but what does everyone expect, thought he was well goodğŸ‘ğŸ¼"
701582568,1,@vfestival #bringbacklittlemix
705736678779047936,0,Purpose Tour Merch has be sold at V-Fest! #Vfestival
574227627,0,"Top Justin Bieber story: @PurposeTourInfo: 'Cold Water acoustic at VFestival ' https://t.co/J51q7Q4crl, see more https://t.co/mdbLox69zn"
508614137,0,Wish I was at V ğŸ˜­ğŸ˜­ğŸ˜­ #VFest
151467004,1,@pixielott and @oliver_cheshire on Oli Insta stories ğŸ˜ºğŸ“±at #vfestival ğŸ¶ğŸ¶ https://t.co/rwlzcO6FsX
14981484,0,Got some fucking comedians here #VFestival
709193899198251008,0,i wish i attended #VFestival ğŸ˜
4849939683,1,V FEST 2016 ! You made my first time so amazing âœ¨ @vfestival https://t.co/elj2fjU2vj
384992340,1,Thanks for having us @vfestival ğŸ“¸:@aliceparker10 #vfestival #v21st #vfest https://t.co/QfK5MlGszx
36510299,1,What a weekend for us @headphonedisco at @vfestival WOW you guys were amaze balls.. https://t.co/exSO6DP8tH
152806631,0,How amazing was @justinbieber last night at #VFestival? Definitely one of our best bits! We are massive beliebers!ğŸ‰ğŸ˜ https://t.co/37An9fZ6uH
323866984,0,Anyone selling walk in tickets for vfest Chelmsford for Sunday @Twickets
90274987,1,"My girl! @Steph_Git
What a day bab!! ğŸ˜ğŸ»ğŸ¶ğŸ’ƒ
Good old Shamu the whale!! 
#vfestival #shamu #partyâ€¦ https://t.co/AaM4CUeRnq"
547631537,1,Oi oi hello Sigala ! #VFestival @ Vfestival Highlands Park Chelmsford https://t.co/tRl82Trq9L
2863910656,0,"Justin is currently performing ""Company"" at V-Festival #VFestival"
329337372,0,I wish I was at the #VFest now :(
610367715,1,Loved spending the day with this one!! (Cheeky half hour without the kids) ğŸ™Š #VFestival #champagnebar @vickythomp https://t.co/5zFcRwrEQB
2788944340,0,AMAZING MUSIC #VFestival  THANK YOU!#VFESTIVAL AMAZING WEEKEND SEE YOU NEXT YEAR  ğŸ‡¬ğŸ‡§ğŸª ğŸ‰ğŸ»ğŸ¼ğŸ˜€ #ukfestivals https://t.co/Fe5uQ2aEgV
198216862,0,I think the tv knows we're together @ChelsCrook the saddest that we should've been at VFest @LittleMix âœ¨ https://t.co/t6zcbz5JtB
15375383,0,Our girls @LittleMix absolutely KILLING IT at @vfestival ğŸ™ŒğŸ’• #V21st #SlayQueens ğŸ‘¸ https://t.co/iqwYEixyja
870621091,1,Best day yesterday âœ¨ Biebs made my life ğŸ˜#VFestival https://t.co/WvEKu4WpMe
421021235,0,Watching @vfestival on TV is making me so jealous
